upstream_path	local_path	mode	upstream_sha256	local_sha256	note
_content/favicon.ico	_content/favicon.ico	exact	cc1981269d7435d205eec16f531192cf12452f6b230f8c8a936236175777fc12	cc1981269d7435d205eec16f531192cf12452f6b230f8c8a936236175777fc12	Copied byte-for-byte from the fixed upstream baseline.
_content/images/favicon-gopher-plain.png	_content/images/favicon-gopher-plain.png	exact	8bf938ca7a737e0478cd119c920e93943f6fb8562e21461aa5030cf0597fc107	8bf938ca7a737e0478cd119c920e93943f6fb8562e21461aa5030cf0597fc107	Copied byte-for-byte from the fixed upstream baseline.
_content/images/favicon-gopher.png	_content/images/favicon-gopher.png	exact	5b6e0237cea9986bc897212c8368ae46e87137035df179361c3ef6304e5877ec	5b6e0237cea9986bc897212c8368ae46e87137035df179361c3ef6304e5877ec	Copied byte-for-byte from the fixed upstream baseline.
_content/images/favicon-gopher.svg	_content/images/favicon-gopher.svg	exact	3a52a951479817c4ed3285f87b41112b5a1c21be77389f190f1bf025a41533fd	3a52a951479817c4ed3285f87b41112b5a1c21be77389f190f1bf025a41533fd	Copied byte-for-byte from the fixed upstream baseline.
_content/images/go-logo-white.svg	_content/images/go-logo-white.svg	exact	a2a1586673c0c44484a58d10733e4e3e208c4d65f22359ea384626b1d6c6ab2e	a2a1586673c0c44484a58d10733e4e3e208c4d65f22359ea384626b1d6c6ab2e	Copied byte-for-byte from the fixed upstream baseline.
_content/images/icons/arrow-down-dark.svg	_content/images/icons/arrow-down-dark.svg	exact	a1b3c09dc5dd063e856a05969122baecacdb3d0237aed90414fafc5459b858d7	a1b3c09dc5dd063e856a05969122baecacdb3d0237aed90414fafc5459b858d7	Copied byte-for-byte from the fixed upstream baseline.
_content/images/icons/arrow-down.svg	_content/images/icons/arrow-down.svg	exact	9685e4b15785c61b492e1f4ef5e7769241543ad65950ecc04f207fb7aceb083c	9685e4b15785c61b492e1f4ef5e7769241543ad65950ecc04f207fb7aceb083c	Copied byte-for-byte from the fixed upstream baseline.
_content/images/icons/arrow-forward-dark.svg	_content/images/icons/arrow-forward-dark.svg	exact	8dc0589400ec365f3a3a204e52c4df9306cdf4180f8e9b51b700bbddf6f767e1	8dc0589400ec365f3a3a204e52c4df9306cdf4180f8e9b51b700bbddf6f767e1	Copied byte-for-byte from the fixed upstream baseline.
_content/images/icons/arrow-forward.svg	_content/images/icons/arrow-forward.svg	exact	b93279f832e12254a0ebb301d6d73f11da1d1bed226fdbe7c8009291e64bddcc	b93279f832e12254a0ebb301d6d73f11da1d1bed226fdbe7c8009291e64bddcc	Copied byte-for-byte from the fixed upstream baseline.
_content/images/icons/brightness_2_gm_grey_24dp.svg	_content/images/icons/brightness_2_gm_grey_24dp.svg	exact	e3d720080215405f0e5066ad3eebf7e95cc685753fa353b4b181b0bad6804a16	e3d720080215405f0e5066ad3eebf7e95cc685753fa353b4b181b0bad6804a16	Copied byte-for-byte from the fixed upstream baseline.
_content/images/icons/brightness_6_gm_grey_24dp.svg	_content/images/icons/brightness_6_gm_grey_24dp.svg	exact	b77d3c3e686f5f0e2cad41473f30d59ed73fc0170b27aa4202162db21f401636	b77d3c3e686f5f0e2cad41473f30d59ed73fc0170b27aa4202162db21f401636	Copied byte-for-byte from the fixed upstream baseline.
_content/images/icons/bug.svg	_content/images/icons/bug.svg	exact	f5f5b6dab018fecafccead9fa45ebe98692d013ae3a49a34b7d4b35d4215fdf1	f5f5b6dab018fecafccead9fa45ebe98692d013ae3a49a34b7d4b35d4215fdf1	Copied byte-for-byte from the fixed upstream baseline.
_content/images/icons/chevron-down.svg	_content/images/icons/chevron-down.svg	exact	8d500b81fd3d78e5916b2cb992e2201ff2cc82c56855c725cf548ff06d9ed5a9	8d500b81fd3d78e5916b2cb992e2201ff2cc82c56855c725cf548ff06d9ed5a9	Copied byte-for-byte from the fixed upstream baseline.
_content/images/icons/code-dark.svg	_content/images/icons/code-dark.svg	exact	ad6b4a93ddb4eddcf8becaa798961df04c0015dbfbd8b64d188f98bfeea53132	ad6b4a93ddb4eddcf8becaa798961df04c0015dbfbd8b64d188f98bfeea53132	Copied byte-for-byte from the fixed upstream baseline.
_content/images/icons/code.svg	_content/images/icons/code.svg	exact	f2cee658f0245cf2754ac729db059dc87d9ebf4255a73bbc3a3356e6e75b056d	f2cee658f0245cf2754ac729db059dc87d9ebf4255a73bbc3a3356e6e75b056d	Copied byte-for-byte from the fixed upstream baseline.
_content/images/icons/command-folder-dark.svg	_content/images/icons/command-folder-dark.svg	exact	ca92578ce2e1d0b35e0bcf6bf4b9d81e2ff77decfc041ac029a53155bbe643ac	ca92578ce2e1d0b35e0bcf6bf4b9d81e2ff77decfc041ac029a53155bbe643ac	Copied byte-for-byte from the fixed upstream baseline.
_content/images/icons/command-folder.svg	_content/images/icons/command-folder.svg	exact	badcc39b752edc3526be906373b152fa4e4c815c6db20e485011b259440ca233	badcc39b752edc3526be906373b152fa4e4c815c6db20e485011b259440ca233	Copied byte-for-byte from the fixed upstream baseline.
_content/images/icons/copy-paste-dark.svg	_content/images/icons/copy-paste-dark.svg	exact	4dd9915061337264ee2229d46ba3757f871f03311bbb993f91f9937aaed6e968	4dd9915061337264ee2229d46ba3757f871f03311bbb993f91f9937aaed6e968	Copied byte-for-byte from the fixed upstream baseline.
_content/images/icons/copy-paste.svg	_content/images/icons/copy-paste.svg	exact	6ca7ca6c52e462c7cca654c1604707b9f6b6cff8215a539c3eff5bddbf445f82	6ca7ca6c52e462c7cca654c1604707b9f6b6cff8215a539c3eff5bddbf445f82	Copied byte-for-byte from the fixed upstream baseline.
_content/images/icons/crypto.svg	_content/images/icons/crypto.svg	exact	14a01615798d73307008a1a2d8a451660f7f6960aa52f231feb658c866777ba9	14a01615798d73307008a1a2d8a451660f7f6960aa52f231feb658c866777ba9	Copied byte-for-byte from the fixed upstream baseline.
_content/images/icons/discover.svg	_content/images/icons/discover.svg	exact	8684049cd8726fea958711d979ebbe71a461fd5d7aed492a5daea39bc2475a7d	8684049cd8726fea958711d979ebbe71a461fd5d7aed492a5daea39bc2475a7d	Copied byte-for-byte from the fixed upstream baseline.
_content/images/icons/download.svg	_content/images/icons/download.svg	exact	1f856673b29144aeb3eb4c2de546d43c53fa313fcf5068851dd109e4ab37314f	1f856673b29144aeb3eb4c2de546d43c53fa313fcf5068851dd109e4ab37314f	Copied byte-for-byte from the fixed upstream baseline.
_content/images/icons/gear-dark.svg	_content/images/icons/gear-dark.svg	exact	a7ae03f9dd42696340967c7b0fabe8a862efdd76e51f8bb8067db74c27b6c9e8	a7ae03f9dd42696340967c7b0fabe8a862efdd76e51f8bb8067db74c27b6c9e8	Copied byte-for-byte from the fixed upstream baseline.
_content/images/icons/gear.svg	_content/images/icons/gear.svg	exact	2b048b813d6536a5d4d7e9475b90ffd1d6c3e7f169eb2643776b2029ec545069	2b048b813d6536a5d4d7e9475b90ffd1d6c3e7f169eb2643776b2029ec545069	Copied byte-for-byte from the fixed upstream baseline.
_content/images/icons/github.svg	_content/images/icons/github.svg	exact	af9abf9f59ba05f8c5930a0ba5e9afce74b7be538efae5c0f00ae95f66e4f3d3	af9abf9f59ba05f8c5930a0ba5e9afce74b7be538efae5c0f00ae95f66e4f3d3	Copied byte-for-byte from the fixed upstream baseline.
_content/images/icons/light_mode_gm_grey_24dp.svg	_content/images/icons/light_mode_gm_grey_24dp.svg	exact	b7ae2fb1220aca8fb8722747d968acc883ddcadffc316628cfd1642086eaa915	b7ae2fb1220aca8fb8722747d968acc883ddcadffc316628cfd1642086eaa915	Copied byte-for-byte from the fixed upstream baseline.
_content/images/icons/module.svg	_content/images/icons/module.svg	exact	1405cf91eb7843188fbdb8aa23df443aedca1830859fb65114a7f53b42aeaeed	1405cf91eb7843188fbdb8aa23df443aedca1830859fb65114a7f53b42aeaeed	Copied byte-for-byte from the fixed upstream baseline.
_content/images/icons/package.svg	_content/images/icons/package.svg	exact	fbc66d792da95aca32054362a5237c93ab99eabc58fb356d9d444e03c98c6c95	fbc66d792da95aca32054362a5237c93ab99eabc58fb356d9d444e03c98c6c95	Copied byte-for-byte from the fixed upstream baseline.
_content/images/icons/reddit.svg	_content/images/icons/reddit.svg	exact	eaad52fd57455d85769a5d0863346ff5212e619d0fdfb6b4a58dd94a859aef5a	eaad52fd57455d85769a5d0863346ff5212e619d0fdfb6b4a58dd94a859aef5a	Copied byte-for-byte from the fixed upstream baseline.
_content/images/icons/secure.svg	_content/images/icons/secure.svg	exact	9a7868aebbd698b9e8ce4e221e7f8d4cc2fe955114efae5742bfa9db332b1201	9a7868aebbd698b9e8ce4e221e7f8d4cc2fe955114efae5742bfa9db332b1201	Copied byte-for-byte from the fixed upstream baseline.
_content/images/icons/slack.svg	_content/images/icons/slack.svg	exact	4c8f9dff3606e27b3dfb70cf0ab9a78cb2d89f1608d195d6ff86dd5dbc98f794	4c8f9dff3606e27b3dfb70cf0ab9a78cb2d89f1608d195d6ff86dd5dbc98f794	Copied byte-for-byte from the fixed upstream baseline.
_content/images/icons/slack_2.svg	_content/images/icons/slack_2.svg	exact	7659fbb026fa62a10529a7e808b535e4065fc253b57d3fa928081453a9fe3596	7659fbb026fa62a10529a7e808b535e4065fc253b57d3fa928081453a9fe3596	Copied byte-for-byte from the fixed upstream baseline.
_content/images/icons/sphere-dark.svg	_content/images/icons/sphere-dark.svg	exact	71258d915c85e469ac85746901145bdee736c9bcfb09010894c157be26e85b60	71258d915c85e469ac85746901145bdee736c9bcfb09010894c157be26e85b60	Copied byte-for-byte from the fixed upstream baseline.
_content/images/icons/sphere.svg	_content/images/icons/sphere.svg	exact	38018d64226625c6430a1047418c34f66083c3c65e770d8cbdbcba982061153e	38018d64226625c6430a1047418c34f66083c3c65e770d8cbdbcba982061153e	Copied byte-for-byte from the fixed upstream baseline.
_content/images/icons/supply_chain_security.svg	_content/images/icons/supply_chain_security.svg	exact	3b3d94735fb8bdf5dcdc074bfcc31c18c3c1ea7deb8ec1b55b52da923cd98e2b	3b3d94735fb8bdf5dcdc074bfcc31c18c3c1ea7deb8ec1b55b52da923cd98e2b	Copied byte-for-byte from the fixed upstream baseline.
_content/images/icons/swift_issues.svg	_content/images/icons/swift_issues.svg	exact	63373e2ab1a3f7e065498f34d7f04373d3b88840fdcc93ec16f50f1162aa9de8	63373e2ab1a3f7e065498f34d7f04373d3b88840fdcc93ec16f50f1162aa9de8	Copied byte-for-byte from the fixed upstream baseline.
_content/images/icons/talk.svg	_content/images/icons/talk.svg	exact	91790f939f9e6ff2655ba984fafe7b31018a12e04511763dae331fb88a65415a	91790f939f9e6ff2655ba984fafe7b31018a12e04511763dae331fb88a65415a	Copied byte-for-byte from the fixed upstream baseline.
_content/images/icons/twitter.svg	_content/images/icons/twitter.svg	exact	98ac7011853e1e4d2e8f856289768fb4a1efc80a298e05ade6b2a7c241d440bc	98ac7011853e1e4d2e8f856289768fb4a1efc80a298e05ade6b2a7c241d440bc	Copied byte-for-byte from the fixed upstream baseline.
_content/images/icons/underline.svg	_content/images/icons/underline.svg	exact	9a28d638333577c98db33bd10f8b33a46753fa9f707bfe41e4d1feff8b48e839	9a28d638333577c98db33bd10f8b33a46753fa9f707bfe41e4d1feff8b48e839	Copied byte-for-byte from the fixed upstream baseline.
_content/images/icons/union.svg	_content/images/icons/union.svg	exact	4b8cdcbc4c60c3c5043fde3dc0b7316aded774587e5f7c357573ae8da2c5f66d	4b8cdcbc4c60c3c5043fde3dc0b7316aded774587e5f7c357573ae8da2c5f66d	Copied byte-for-byte from the fixed upstream baseline.
_content/js/playground.js	_content/js/playground.js	exact	48967acc4e0b8abba0cadaaf9385433eac17be1fb204c848db0fde9aa0b51ac9	48967acc4e0b8abba0cadaaf9385433eac17be1fb204c848db0fde9aa0b51ac9	Copied byte-for-byte from the fixed upstream baseline.
_content/tour/basics.article	_content/tour/basics.article	exact	16fdded44f3c3acd8fdea03eef9913333a2850396e119dd0d464ae01abf9837c	16fdded44f3c3acd8fdea03eef9913333a2850396e119dd0d464ae01abf9837c	Copied byte-for-byte from the fixed upstream baseline.
_content/tour/basics/basic-types.go	_content/tour/basics/basic-types.go	exact	b214090d7339363b9fb71a610c679273a2f75be7b4ea7dad4b1a3316868db4fa	b214090d7339363b9fb71a610c679273a2f75be7b4ea7dad4b1a3316868db4fa	Copied byte-for-byte from the fixed upstream baseline.
_content/tour/basics/constants.go	_content/tour/basics/constants.go	exact	99ef5d2f2a6b56116d6d5443ed8e35a590fd992707d5df38d2c85a82da94996f	99ef5d2f2a6b56116d6d5443ed8e35a590fd992707d5df38d2c85a82da94996f	Copied byte-for-byte from the fixed upstream baseline.
_content/tour/basics/exported-names.go	_content/tour/basics/exported-names.go	exact	dddb6dd98a3c7188c71178c508211d9975cc00b25b6d2649e1396452ccf52460	dddb6dd98a3c7188c71178c508211d9975cc00b25b6d2649e1396452ccf52460	Copied byte-for-byte from the fixed upstream baseline.
_content/tour/basics/functions-continued.go	_content/tour/basics/functions-continued.go	exact	efffe9abaa00e893adaf45998ffffe09425acbabf741c285fb039d72703e730f	efffe9abaa00e893adaf45998ffffe09425acbabf741c285fb039d72703e730f	Copied byte-for-byte from the fixed upstream baseline.
_content/tour/basics/functions.go	_content/tour/basics/functions.go	exact	fc3e2710007330e7a05845fc55b872a4af709b66a5afbdb57e2998ed3661260f	fc3e2710007330e7a05845fc55b872a4af709b66a5afbdb57e2998ed3661260f	Copied byte-for-byte from the fixed upstream baseline.
_content/tour/basics/imports.go	_content/tour/basics/imports.go	exact	86b9dc32666cb9ecffe93b3033e60d818a146b0f679b612588126ecfc3eddb7f	86b9dc32666cb9ecffe93b3033e60d818a146b0f679b612588126ecfc3eddb7f	Copied byte-for-byte from the fixed upstream baseline.
_content/tour/basics/multiple-results.go	_content/tour/basics/multiple-results.go	exact	b84c0812c927736bccd57c29e023e5538b8167c12b8946c0b0549bdf24fc8aff	b84c0812c927736bccd57c29e023e5538b8167c12b8946c0b0549bdf24fc8aff	Copied byte-for-byte from the fixed upstream baseline.
_content/tour/basics/named-results.go	_content/tour/basics/named-results.go	exact	526ddb81900c9ec089c3c1acc71dac28ee7eefc969f950d0be6265841f96709f	526ddb81900c9ec089c3c1acc71dac28ee7eefc969f950d0be6265841f96709f	Copied byte-for-byte from the fixed upstream baseline.
_content/tour/basics/numeric-constants.go	_content/tour/basics/numeric-constants.go	exact	338906e7c0e0d5e81312c97b37638442b48a621d59e69215be78eed6bd003544	338906e7c0e0d5e81312c97b37638442b48a621d59e69215be78eed6bd003544	Copied byte-for-byte from the fixed upstream baseline.
_content/tour/basics/packages.go	_content/tour/basics/packages.go	exact	c7be4714c613e20f2ea101de9a267aaa542af90e3a92919aa991efed3c10f398	c7be4714c613e20f2ea101de9a267aaa542af90e3a92919aa991efed3c10f398	Copied byte-for-byte from the fixed upstream baseline.
_content/tour/basics/short-variable-declarations.go	_content/tour/basics/short-variable-declarations.go	exact	319e1a228353a44542f1e91d7150b79e121ae70f3b49c10c27a76ce8e11b06d2	319e1a228353a44542f1e91d7150b79e121ae70f3b49c10c27a76ce8e11b06d2	Copied byte-for-byte from the fixed upstream baseline.
_content/tour/basics/type-conversions.go	_content/tour/basics/type-conversions.go	exact	6d219de564c655056a484d123bafbbb6d1aaa41702704b84b2ab034e056bbb40	6d219de564c655056a484d123bafbbb6d1aaa41702704b84b2ab034e056bbb40	Copied byte-for-byte from the fixed upstream baseline.
_content/tour/basics/type-inference.go	_content/tour/basics/type-inference.go	exact	fb638103bfaf5990d88398765cf801cee94cd8e199cace94740cebe562afc33d	fb638103bfaf5990d88398765cf801cee94cd8e199cace94740cebe562afc33d	Copied byte-for-byte from the fixed upstream baseline.
_content/tour/basics/variables-with-initializers.go	_content/tour/basics/variables-with-initializers.go	exact	f470597679bb5a8c3260a4221ec0ca2e1a395ead6903141fc151798a68c85f80	f470597679bb5a8c3260a4221ec0ca2e1a395ead6903141fc151798a68c85f80	Copied byte-for-byte from the fixed upstream baseline.
_content/tour/basics/variables.go	_content/tour/basics/variables.go	exact	bcf80088c0f91a10670dee99f1b893bf0a4e500016a8d83a463d58f7bc79d844	bcf80088c0f91a10670dee99f1b893bf0a4e500016a8d83a463d58f7bc79d844	Copied byte-for-byte from the fixed upstream baseline.
_content/tour/basics/zero.go	_content/tour/basics/zero.go	exact	8e2b1829c95853f41ac3296378ba6950e05c2d7dd456bc72b410a9f6d6766e70	8e2b1829c95853f41ac3296378ba6950e05c2d7dd456bc72b410a9f6d6766e70	Copied byte-for-byte from the fixed upstream baseline.
_content/tour/concurrency.article	_content/tour/concurrency.article	exact	83e3871d1591d90c14ac6538d9a737fa17c85f63077b18d3cb50d958df63a515	83e3871d1591d90c14ac6538d9a737fa17c85f63077b18d3cb50d958df63a515	Copied byte-for-byte from the fixed upstream baseline.
_content/tour/concurrency/buffered-channels.go	_content/tour/concurrency/buffered-channels.go	exact	985ae9927256e1fcfbb38905536bbfb40394a9ba2f488eab942f94760b4d3375	985ae9927256e1fcfbb38905536bbfb40394a9ba2f488eab942f94760b4d3375	Copied byte-for-byte from the fixed upstream baseline.
_content/tour/concurrency/channels.go	_content/tour/concurrency/channels.go	exact	8c3ce8583c8274e42ee0522989bf4cf2003b6f8045bcb6b16a6a79364f97aa70	8c3ce8583c8274e42ee0522989bf4cf2003b6f8045bcb6b16a6a79364f97aa70	Copied byte-for-byte from the fixed upstream baseline.
_content/tour/concurrency/default-selection.go	_content/tour/concurrency/default-selection.go	exact	609707c5ac8020cb1b2b763eaf9aa65afabcf2897aa5f938a288c1db5b2b463b	609707c5ac8020cb1b2b763eaf9aa65afabcf2897aa5f938a288c1db5b2b463b	Copied byte-for-byte from the fixed upstream baseline.
_content/tour/concurrency/exercise-equivalent-binary-trees.go	_content/tour/concurrency/exercise-equivalent-binary-trees.go	exact	184cbbd1e662b64de6e6928d4af6f2469c7bccdbc9a8b5f477c1b694b9ab02b1	184cbbd1e662b64de6e6928d4af6f2469c7bccdbc9a8b5f477c1b694b9ab02b1	Copied byte-for-byte from the fixed upstream baseline.
_content/tour/concurrency/exercise-web-crawler.go	_content/tour/concurrency/exercise-web-crawler.go	exact	bd6226dcae3b663a3aa1cbf502d840357ac0efb6de46e7a66612ca2834cf5e37	bd6226dcae3b663a3aa1cbf502d840357ac0efb6de46e7a66612ca2834cf5e37	Copied byte-for-byte from the fixed upstream baseline.
_content/tour/concurrency/goroutines.go	_content/tour/concurrency/goroutines.go	exact	0e82448c75a618ad8ec8a9c4396f14553ac595137754647720c01b53498db0c5	0e82448c75a618ad8ec8a9c4396f14553ac595137754647720c01b53498db0c5	Copied byte-for-byte from the fixed upstream baseline.
_content/tour/concurrency/mutex-counter.go	_content/tour/concurrency/mutex-counter.go	exact	74488ecc347a123c8538069175ffeef5ea38577bb37b2c7a9ceb6bba47ab02b4	74488ecc347a123c8538069175ffeef5ea38577bb37b2c7a9ceb6bba47ab02b4	Copied byte-for-byte from the fixed upstream baseline.
_content/tour/concurrency/range-and-close.go	_content/tour/concurrency/range-and-close.go	exact	8979277aa338b1bce2934470910228501057da7be029fae1a2e1f553ea2517aa	8979277aa338b1bce2934470910228501057da7be029fae1a2e1f553ea2517aa	Copied byte-for-byte from the fixed upstream baseline.
_content/tour/concurrency/select.go	_content/tour/concurrency/select.go	exact	9853f886f8330b956db3faee4356105674d71cb5c1ab3d4329d9bd8ea7ef13d1	9853f886f8330b956db3faee4356105674d71cb5c1ab3d4329d9bd8ea7ef13d1	Copied byte-for-byte from the fixed upstream baseline.
_content/tour/flowcontrol.article	_content/tour/flowcontrol.article	exact	024a07db02f6476bbd686a8a8370120f5ea031a4ca8121d18e8e2e3b18710e6c	024a07db02f6476bbd686a8a8370120f5ea031a4ca8121d18e8e2e3b18710e6c	Copied byte-for-byte from the fixed upstream baseline.
_content/tour/flowcontrol/defer-multi.go	_content/tour/flowcontrol/defer-multi.go	exact	84e007df11a8090367b40946439a4fbbe13cb989b1cbe9046983576116e992e3	84e007df11a8090367b40946439a4fbbe13cb989b1cbe9046983576116e992e3	Copied byte-for-byte from the fixed upstream baseline.
_content/tour/flowcontrol/defer.go	_content/tour/flowcontrol/defer.go	exact	db8fa9dbebc8ecf1451440ebb5e6fd32ba6f2fe49a7dc10d082a80d1a9c59778	db8fa9dbebc8ecf1451440ebb5e6fd32ba6f2fe49a7dc10d082a80d1a9c59778	Copied byte-for-byte from the fixed upstream baseline.
_content/tour/flowcontrol/exercise-loops-and-functions.go	_content/tour/flowcontrol/exercise-loops-and-functions.go	exact	65c691645723bcb2833055c22641d02e971fb57d044589144c0cabba247ba9d5	65c691645723bcb2833055c22641d02e971fb57d044589144c0cabba247ba9d5	Copied byte-for-byte from the fixed upstream baseline.
_content/tour/flowcontrol/for-continued.go	_content/tour/flowcontrol/for-continued.go	exact	fc2be4f6f553d27f7b7fc9ef4ec03fad76e9c565b8cbcb10c0235e9876561b09	fc2be4f6f553d27f7b7fc9ef4ec03fad76e9c565b8cbcb10c0235e9876561b09	Copied byte-for-byte from the fixed upstream baseline.
_content/tour/flowcontrol/for-is-gos-while.go	_content/tour/flowcontrol/for-is-gos-while.go	exact	1dcd8eeb9853933f7636119ae7016f3c43c585deac17f287219af7675f907660	1dcd8eeb9853933f7636119ae7016f3c43c585deac17f287219af7675f907660	Copied byte-for-byte from the fixed upstream baseline.
_content/tour/flowcontrol/for.go	_content/tour/flowcontrol/for.go	exact	2c766a2c3d82101e66bee04248c9588151a23773a967e306c0f8af6d569f9448	2c766a2c3d82101e66bee04248c9588151a23773a967e306c0f8af6d569f9448	Copied byte-for-byte from the fixed upstream baseline.
_content/tour/flowcontrol/forever.go	_content/tour/flowcontrol/forever.go	exact	89e280ca202edd87d791d92d73b32d339eab4ff7c9ed2948fee4ac2e3283e655	89e280ca202edd87d791d92d73b32d339eab4ff7c9ed2948fee4ac2e3283e655	Copied byte-for-byte from the fixed upstream baseline.
_content/tour/flowcontrol/if-and-else.go	_content/tour/flowcontrol/if-and-else.go	exact	9d3030966f45fb90105c0325c9a090e8ac3fce2e7c4b10106d8f75caf0e536cf	9d3030966f45fb90105c0325c9a090e8ac3fce2e7c4b10106d8f75caf0e536cf	Copied byte-for-byte from the fixed upstream baseline.
_content/tour/flowcontrol/if-with-a-short-statement.go	_content/tour/flowcontrol/if-with-a-short-statement.go	exact	1c8e9c80f45dd885d8f47e72701fa34f21ba1d8f6a10493b5d34531770eaa279	1c8e9c80f45dd885d8f47e72701fa34f21ba1d8f6a10493b5d34531770eaa279	Copied byte-for-byte from the fixed upstream baseline.
_content/tour/flowcontrol/if.go	_content/tour/flowcontrol/if.go	exact	464cb1fed8f8d7c0277373e949a55265814bee4f868ac1ede6e0500fdbd07e7c	464cb1fed8f8d7c0277373e949a55265814bee4f868ac1ede6e0500fdbd07e7c	Copied byte-for-byte from the fixed upstream baseline.
_content/tour/flowcontrol/switch-evaluation-order.go	_content/tour/flowcontrol/switch-evaluation-order.go	exact	9e94bbb667be85e810c1aff77e343ec9cc5473b24670979d27c03caf0bef21db	9e94bbb667be85e810c1aff77e343ec9cc5473b24670979d27c03caf0bef21db	Copied byte-for-byte from the fixed upstream baseline.
_content/tour/flowcontrol/switch-with-no-condition.go	_content/tour/flowcontrol/switch-with-no-condition.go	exact	6eb1d9d6150a37ec43f4825932239b4365e9be3bff5f8619152af0de5c44b247	6eb1d9d6150a37ec43f4825932239b4365e9be3bff5f8619152af0de5c44b247	Copied byte-for-byte from the fixed upstream baseline.
_content/tour/flowcontrol/switch.go	_content/tour/flowcontrol/switch.go	exact	3d0ac9adffeae7ad793b8168c19f39003877fa1c1574c6cbb6436e54c935b158	3d0ac9adffeae7ad793b8168c19f39003877fa1c1574c6cbb6436e54c935b158	Copied byte-for-byte from the fixed upstream baseline.
_content/tour/generics.article	_content/tour/generics.article	exact	8182e3b9d553bc1cb3757104a2efb50adaa50d2edf6bc5071beee810f11186df	8182e3b9d553bc1cb3757104a2efb50adaa50d2edf6bc5071beee810f11186df	Copied byte-for-byte from the fixed upstream baseline.
_content/tour/generics/index.go	_content/tour/generics/index.go	exact	398dd72a4b01efa279d571667bedbcccd1bbbceaeb77218635db48edf38fd983	398dd72a4b01efa279d571667bedbcccd1bbbceaeb77218635db48edf38fd983	Copied byte-for-byte from the fixed upstream baseline.
_content/tour/generics/list.go	_content/tour/generics/list.go	exact	ab72fc4fd321f507abde796abe0830876e0f8bcd8661d9ce4ac34c3da2f68060	ab72fc4fd321f507abde796abe0830876e0f8bcd8661d9ce4ac34c3da2f68060	Copied byte-for-byte from the fixed upstream baseline.
_content/tour/methods.article	_content/tour/methods.article	exact	c2323c8c35db26bd14cc374c9ac889ebc071e0236054cfb62c331867aa450d87	c2323c8c35db26bd14cc374c9ac889ebc071e0236054cfb62c331867aa450d87	Copied byte-for-byte from the fixed upstream baseline.
_content/tour/methods/empty-interface.go	_content/tour/methods/empty-interface.go	exact	d85f8033bcd5c306b883c2f8b1090950a409f0895a39bfe851a78a4cbd58fe98	d85f8033bcd5c306b883c2f8b1090950a409f0895a39bfe851a78a4cbd58fe98	Copied byte-for-byte from the fixed upstream baseline.
_content/tour/methods/errors.go	_content/tour/methods/errors.go	exact	a0825fe6310af87e48e7f46b5290814df190d1e9533d0132fd663d6bb7f3236e	a0825fe6310af87e48e7f46b5290814df190d1e9533d0132fd663d6bb7f3236e	Copied byte-for-byte from the fixed upstream baseline.
_content/tour/methods/exercise-errors.go	_content/tour/methods/exercise-errors.go	exact	faa69218d18d0b588bea07ccdc1dcbc26667e545ed94f0c4168ad8a4ae7c6c24	faa69218d18d0b588bea07ccdc1dcbc26667e545ed94f0c4168ad8a4ae7c6c24	Copied byte-for-byte from the fixed upstream baseline.
_content/tour/methods/exercise-images.go	_content/tour/methods/exercise-images.go	exact	774bbc5fa4b7284d4302f5a504f34642b89d276f845b455ecbca5abd4cada25f	774bbc5fa4b7284d4302f5a504f34642b89d276f845b455ecbca5abd4cada25f	Copied byte-for-byte from the fixed upstream baseline.
_content/tour/methods/exercise-reader.go	_content/tour/methods/exercise-reader.go	exact	7f5acb25434e41b1641fffd602725903cd2e217fb7f8809596c4369ac0900137	7f5acb25434e41b1641fffd602725903cd2e217fb7f8809596c4369ac0900137	Copied byte-for-byte from the fixed upstream baseline.
_content/tour/methods/exercise-rot-reader.go	_content/tour/methods/exercise-rot-reader.go	exact	9972063506e3a9193e7761d1118c2bd3680ed8a56f855f788403b8a193edbaa2	9972063506e3a9193e7761d1118c2bd3680ed8a56f855f788403b8a193edbaa2	Copied byte-for-byte from the fixed upstream baseline.
_content/tour/methods/exercise-stringer.go	_content/tour/methods/exercise-stringer.go	exact	b5bd782b7e0e7cd9541df782ccac827e8373a0867011f3fc998b8895fb470efc	b5bd782b7e0e7cd9541df782ccac827e8373a0867011f3fc998b8895fb470efc	Copied byte-for-byte from the fixed upstream baseline.
_content/tour/methods/images.go	_content/tour/methods/images.go	exact	f2a68b69faf69d6423136d22afd361228c002625dbff2641ed348ef4379f84f6	f2a68b69faf69d6423136d22afd361228c002625dbff2641ed348ef4379f84f6	Copied byte-for-byte from the fixed upstream baseline.
_content/tour/methods/indirection-values.go	_content/tour/methods/indirection-values.go	exact	5dfa900c0c4f276ef92a2dc81f7353cee53949d9617e73185910b4335bb71329	5dfa900c0c4f276ef92a2dc81f7353cee53949d9617e73185910b4335bb71329	Copied byte-for-byte from the fixed upstream baseline.
_content/tour/methods/indirection.go	_content/tour/methods/indirection.go	exact	e5c7b1c4569c712d707cfd850c0b0cd431e2dca2b691d743aa990cbf51ba7d90	e5c7b1c4569c712d707cfd850c0b0cd431e2dca2b691d743aa990cbf51ba7d90	Copied byte-for-byte from the fixed upstream baseline.
_content/tour/methods/interface-values-with-nil.go	_content/tour/methods/interface-values-with-nil.go	exact	17037492cd56a27644f2056b86e4e89c30926e51808c9806de37be4f12d287a7	17037492cd56a27644f2056b86e4e89c30926e51808c9806de37be4f12d287a7	Copied byte-for-byte from the fixed upstream baseline.
_content/tour/methods/interface-values.go	_content/tour/methods/interface-values.go	exact	5134a50770b5a809f4dba508ddaedb24aa670556e428a940ccae642423f5cb5e	5134a50770b5a809f4dba508ddaedb24aa670556e428a940ccae642423f5cb5e	Copied byte-for-byte from the fixed upstream baseline.
_content/tour/methods/interfaces-are-satisfied-implicitly.go	_content/tour/methods/interfaces-are-satisfied-implicitly.go	exact	44e0699af42c651abaa67a36b4c48143d33a8651adb0a6bb8e285b65ec058dc2	44e0699af42c651abaa67a36b4c48143d33a8651adb0a6bb8e285b65ec058dc2	Copied byte-for-byte from the fixed upstream baseline.
_content/tour/methods/interfaces.go	_content/tour/methods/interfaces.go	exact	2530ef039212284377a46fe1063db6206d8db3a42a8138c6eed44275bb7eb10b	2530ef039212284377a46fe1063db6206d8db3a42a8138c6eed44275bb7eb10b	Copied byte-for-byte from the fixed upstream baseline.
_content/tour/methods/methods-continued.go	_content/tour/methods/methods-continued.go	exact	98d5a7354796ef23f7c85e478fd4024590003eb7a945d9a4b3511a834eab6d72	98d5a7354796ef23f7c85e478fd4024590003eb7a945d9a4b3511a834eab6d72	Copied byte-for-byte from the fixed upstream baseline.
_content/tour/methods/methods-funcs.go	_content/tour/methods/methods-funcs.go	exact	8bd4fd3afccbebcdbf0f44c5165f99b27f4a0bd6a0734cad74a5660c04248a89	8bd4fd3afccbebcdbf0f44c5165f99b27f4a0bd6a0734cad74a5660c04248a89	Copied byte-for-byte from the fixed upstream baseline.
_content/tour/methods/methods-pointers-explained.go	_content/tour/methods/methods-pointers-explained.go	exact	eddc74d43e02c068a3d8a3b2425ca18792071ec6fafad70242da499908ef1e3e	eddc74d43e02c068a3d8a3b2425ca18792071ec6fafad70242da499908ef1e3e	Copied byte-for-byte from the fixed upstream baseline.
_content/tour/methods/methods-pointers.go	_content/tour/methods/methods-pointers.go	exact	89165956b72e9a9a2b92bedb481e260e09684cee9a8bed6a63f1b9a9fc23ec9a	89165956b72e9a9a2b92bedb481e260e09684cee9a8bed6a63f1b9a9fc23ec9a	Copied byte-for-byte from the fixed upstream baseline.
_content/tour/methods/methods-with-pointer-receivers.go	_content/tour/methods/methods-with-pointer-receivers.go	exact	4b18eaff90f92cccaf08a516e840f39805fe7285281592c7afb556c0831bafb6	4b18eaff90f92cccaf08a516e840f39805fe7285281592c7afb556c0831bafb6	Copied byte-for-byte from the fixed upstream baseline.
_content/tour/methods/methods.go	_content/tour/methods/methods.go	exact	b08219899abbce3b140ab63aea2798511e8418581e9bac1309431eae1bfddf5b	b08219899abbce3b140ab63aea2798511e8418581e9bac1309431eae1bfddf5b	Copied byte-for-byte from the fixed upstream baseline.
_content/tour/methods/nil-interface-values.go	_content/tour/methods/nil-interface-values.go	exact	6a2d88c5166f626da9d32e2cbb7fdd650b918f93375fdfcee8a2b74defb5818c	6a2d88c5166f626da9d32e2cbb7fdd650b918f93375fdfcee8a2b74defb5818c	Copied byte-for-byte from the fixed upstream baseline.
_content/tour/methods/reader.go	_content/tour/methods/reader.go	exact	efe45163df17ea9c24da5ad0ba634265f680165183bb0bc98ed33b171c5164e0	efe45163df17ea9c24da5ad0ba634265f680165183bb0bc98ed33b171c5164e0	Copied byte-for-byte from the fixed upstream baseline.
_content/tour/methods/stringer.go	_content/tour/methods/stringer.go	exact	5ec1e0c528bbd763109e2034c0924b42fa257df8881b0f28dc053ab1c3de4c36	5ec1e0c528bbd763109e2034c0924b42fa257df8881b0f28dc053ab1c3de4c36	Copied byte-for-byte from the fixed upstream baseline.
_content/tour/methods/type-assertions.go	_content/tour/methods/type-assertions.go	exact	a6ec653d5e517d292e3f052089594de8857188faba4080f758a46929ae52cf2c	a6ec653d5e517d292e3f052089594de8857188faba4080f758a46929ae52cf2c	Copied byte-for-byte from the fixed upstream baseline.
_content/tour/methods/type-switches.go	_content/tour/methods/type-switches.go	exact	ce4166a505edf4d9963f0ef0ae719cfdfa9c9291e3fd1d446432d61a712dc93a	ce4166a505edf4d9963f0ef0ae719cfdfa9c9291e3fd1d446432d61a712dc93a	Copied byte-for-byte from the fixed upstream baseline.
_content/tour/moretypes.article	_content/tour/moretypes.article	exact	12cbd01c6ee3ecfc3ed1b91d51478eed0c7153e8f5f8abebe1da58920144e205	12cbd01c6ee3ecfc3ed1b91d51478eed0c7153e8f5f8abebe1da58920144e205	Copied byte-for-byte from the fixed upstream baseline.
_content/tour/moretypes/append.go	_content/tour/moretypes/append.go	exact	655ee5085fec61bcb38c9f029741bb1a06a414f94b8b36ed0362055b0d6b10bb	655ee5085fec61bcb38c9f029741bb1a06a414f94b8b36ed0362055b0d6b10bb	Copied byte-for-byte from the fixed upstream baseline.
_content/tour/moretypes/array.go	_content/tour/moretypes/array.go	exact	fbc7787edd0ae7b8ff62951529c15895dfb8cd987322bd69fb13bc4d7244209f	fbc7787edd0ae7b8ff62951529c15895dfb8cd987322bd69fb13bc4d7244209f	Copied byte-for-byte from the fixed upstream baseline.
_content/tour/moretypes/exercise-fibonacci-closure.go	_content/tour/moretypes/exercise-fibonacci-closure.go	exact	a04ba02819628af3c95c045330a5ce733f9f182e755e6ba74e78c0aea602530c	a04ba02819628af3c95c045330a5ce733f9f182e755e6ba74e78c0aea602530c	Copied byte-for-byte from the fixed upstream baseline.
_content/tour/moretypes/exercise-maps.go	_content/tour/moretypes/exercise-maps.go	exact	a520696047b06ca711783426e6c00e9673f8eda06cf3b6180a72a6b8cfc3a362	a520696047b06ca711783426e6c00e9673f8eda06cf3b6180a72a6b8cfc3a362	Copied byte-for-byte from the fixed upstream baseline.
_content/tour/moretypes/exercise-slices.go	_content/tour/moretypes/exercise-slices.go	exact	62284c50db0f192347f6a25f704d8d5781a3e8d838644ba25db5de953ce14cc9	62284c50db0f192347f6a25f704d8d5781a3e8d838644ba25db5de953ce14cc9	Copied byte-for-byte from the fixed upstream baseline.
_content/tour/moretypes/function-closures.go	_content/tour/moretypes/function-closures.go	exact	e8fbd0cecfb7816c426e9ec3065d2fe77a192b592578c2f979eebdfc15e6ea63	e8fbd0cecfb7816c426e9ec3065d2fe77a192b592578c2f979eebdfc15e6ea63	Copied byte-for-byte from the fixed upstream baseline.
_content/tour/moretypes/function-values.go	_content/tour/moretypes/function-values.go	exact	ebd880dd3dc47483d0fb2e60139e7562b3e324141a562d46f6f2f09872141e03	ebd880dd3dc47483d0fb2e60139e7562b3e324141a562d46f6f2f09872141e03	Copied byte-for-byte from the fixed upstream baseline.
_content/tour/moretypes/making-slices.go	_content/tour/moretypes/making-slices.go	exact	a4dbf0f6f266bb68e7da1cdcbdba7c4bb8711a3065c93ad2dffd7fc4f7c09b1d	a4dbf0f6f266bb68e7da1cdcbdba7c4bb8711a3065c93ad2dffd7fc4f7c09b1d	Copied byte-for-byte from the fixed upstream baseline.
_content/tour/moretypes/map-literals-continued.go	_content/tour/moretypes/map-literals-continued.go	exact	08d059d62b2154f62396758512eee17c321d69a7d58c5f65ef55e2d6ac7681c9	08d059d62b2154f62396758512eee17c321d69a7d58c5f65ef55e2d6ac7681c9	Copied byte-for-byte from the fixed upstream baseline.
_content/tour/moretypes/map-literals.go	_content/tour/moretypes/map-literals.go	exact	4c046a6dc458fa624c61e0d0a6d1f21184254c048cb8bec6aa43e88f66f86e91	4c046a6dc458fa624c61e0d0a6d1f21184254c048cb8bec6aa43e88f66f86e91	Copied byte-for-byte from the fixed upstream baseline.
_content/tour/moretypes/maps.go	_content/tour/moretypes/maps.go	exact	007f3e93922a26b368d17452d4fdae812fde53c59f13e1c391e02c25f4a7dd98	007f3e93922a26b368d17452d4fdae812fde53c59f13e1c391e02c25f4a7dd98	Copied byte-for-byte from the fixed upstream baseline.
_content/tour/moretypes/mutating-maps.go	_content/tour/moretypes/mutating-maps.go	exact	a8f33f1af579189d54372c64e2c9648110b968ea5972e58cc261f7ff9f96a15b	a8f33f1af579189d54372c64e2c9648110b968ea5972e58cc261f7ff9f96a15b	Copied byte-for-byte from the fixed upstream baseline.
_content/tour/moretypes/nil-slices.go	_content/tour/moretypes/nil-slices.go	exact	73d805ba5558987b2695d6c72ba640a91bc59eade8741a61505f871e665ed1d9	73d805ba5558987b2695d6c72ba640a91bc59eade8741a61505f871e665ed1d9	Copied byte-for-byte from the fixed upstream baseline.
_content/tour/moretypes/pointers.go	_content/tour/moretypes/pointers.go	exact	bbc4a25d868979e959aa383f0de7894135e7f8ae4b2d766e653a033178a9a378	bbc4a25d868979e959aa383f0de7894135e7f8ae4b2d766e653a033178a9a378	Copied byte-for-byte from the fixed upstream baseline.
_content/tour/moretypes/range-continued.go	_content/tour/moretypes/range-continued.go	exact	35d4b89b2875bcdabc0521134d46756f7ab6fbf5bfb22ebd57c9eab15804b6eb	35d4b89b2875bcdabc0521134d46756f7ab6fbf5bfb22ebd57c9eab15804b6eb	Copied byte-for-byte from the fixed upstream baseline.
_content/tour/moretypes/range.go	_content/tour/moretypes/range.go	exact	9b446c2eee69714d5ce96301dd1ae23e8b8b360d1efb93b4aab1e992eda1f404	9b446c2eee69714d5ce96301dd1ae23e8b8b360d1efb93b4aab1e992eda1f404	Copied byte-for-byte from the fixed upstream baseline.
_content/tour/moretypes/slice-bounds.go	_content/tour/moretypes/slice-bounds.go	exact	1b981b8e3c99c40507901b603eda4e46188777b8cd817288f7afd734bffaa264	1b981b8e3c99c40507901b603eda4e46188777b8cd817288f7afd734bffaa264	Copied byte-for-byte from the fixed upstream baseline.
_content/tour/moretypes/slice-len-cap.go	_content/tour/moretypes/slice-len-cap.go	exact	b2e5f7a96c8a04998c150ebe6ce344bc198db8b18f4826e6a85ff75ae3033f98	b2e5f7a96c8a04998c150ebe6ce344bc198db8b18f4826e6a85ff75ae3033f98	Copied byte-for-byte from the fixed upstream baseline.
_content/tour/moretypes/slice-literals.go	_content/tour/moretypes/slice-literals.go	exact	b085416ef12627bbd6034c78314d61df30a66e4b5d2b3b6cbfebd5befa27c897	b085416ef12627bbd6034c78314d61df30a66e4b5d2b3b6cbfebd5befa27c897	Copied byte-for-byte from the fixed upstream baseline.
_content/tour/moretypes/slices-of-slice.go	_content/tour/moretypes/slices-of-slice.go	exact	545cde9f9bc3ec940adbdcac0a801f5e834b6ee3cd5bf1b780f6f81d556562b3	545cde9f9bc3ec940adbdcac0a801f5e834b6ee3cd5bf1b780f6f81d556562b3	Copied byte-for-byte from the fixed upstream baseline.
_content/tour/moretypes/slices-pointers.go	_content/tour/moretypes/slices-pointers.go	exact	632c673f8ab65d6b80ea9ed95cad3f4076d54b1d5bfdf3b53fdd279bd2ba569f	632c673f8ab65d6b80ea9ed95cad3f4076d54b1d5bfdf3b53fdd279bd2ba569f	Copied byte-for-byte from the fixed upstream baseline.
_content/tour/moretypes/slices.go	_content/tour/moretypes/slices.go	exact	0e12dd1947600bbecd652f30e9f40e387507d297f3a67d055e257db1ba948834	0e12dd1947600bbecd652f30e9f40e387507d297f3a67d055e257db1ba948834	Copied byte-for-byte from the fixed upstream baseline.
_content/tour/moretypes/struct-fields.go	_content/tour/moretypes/struct-fields.go	exact	ceb61b9ed4a0107277c23920ae484ef4ce15722a5e5acc314ce911a0deeb32a6	ceb61b9ed4a0107277c23920ae484ef4ce15722a5e5acc314ce911a0deeb32a6	Copied byte-for-byte from the fixed upstream baseline.
_content/tour/moretypes/struct-literals.go	_content/tour/moretypes/struct-literals.go	exact	c54fd1b039d00a926550fd74ac26c6ed6388c8ca6fe043e64ebdaad921ba2761	c54fd1b039d00a926550fd74ac26c6ed6388c8ca6fe043e64ebdaad921ba2761	Copied byte-for-byte from the fixed upstream baseline.
_content/tour/moretypes/struct-pointers.go	_content/tour/moretypes/struct-pointers.go	exact	961b37937f55e07ca6fa25dc6c1d98bb44b442685b6cbedf1b3b05688756c09e	961b37937f55e07ca6fa25dc6c1d98bb44b442685b6cbedf1b3b05688756c09e	Copied byte-for-byte from the fixed upstream baseline.
_content/tour/moretypes/structs.go	_content/tour/moretypes/structs.go	exact	5d31b8e45b54ec0bceab81f1c5172523b21b5664c822c665501b6466a4e46c64	5d31b8e45b54ec0bceab81f1c5172523b21b5664c822c665501b6466a4e46c64	Copied byte-for-byte from the fixed upstream baseline.
_content/tour/solutions/README	_content/tour/solutions/README	exact	1da009415a2fa3f29af178215349ad8ac8a086b9a74f357c3a7682db395a2101	1da009415a2fa3f29af178215349ad8ac8a086b9a74f357c3a7682db395a2101	Copied byte-for-byte from the fixed upstream baseline.
_content/tour/solutions/binarytrees.go	_content/tour/solutions/binarytrees.go	exact	3276c6628b5a36c2c41683aa4eb28834272f8af6598923ec5d6b908b04e72bb8	3276c6628b5a36c2c41683aa4eb28834272f8af6598923ec5d6b908b04e72bb8	Copied byte-for-byte from the fixed upstream baseline.
_content/tour/solutions/binarytrees_quit.go	_content/tour/solutions/binarytrees_quit.go	exact	25157973b97a82b066516ea92df34bbb6ea26294603a471be5523b2ab19a8f03	25157973b97a82b066516ea92df34bbb6ea26294603a471be5523b2ab19a8f03	Copied byte-for-byte from the fixed upstream baseline.
_content/tour/solutions/errors.go	_content/tour/solutions/errors.go	exact	d41cb89d4e7c6fc70f8295fa933a95b50b058a6566b7a731f57ca41fb0894418	d41cb89d4e7c6fc70f8295fa933a95b50b058a6566b7a731f57ca41fb0894418	Copied byte-for-byte from the fixed upstream baseline.
_content/tour/solutions/fib.go	_content/tour/solutions/fib.go	exact	02018f3bc639db5424e173efcdacd9c789a041dc60f55184ea4cc1299e0ac7f8	02018f3bc639db5424e173efcdacd9c789a041dc60f55184ea4cc1299e0ac7f8	Copied byte-for-byte from the fixed upstream baseline.
_content/tour/solutions/http.go	_content/tour/solutions/http.go	exact	148fbb73dca1c25687538feccd1e4b19dc67a4af7c28b52cdbeab361ca20d8fe	148fbb73dca1c25687538feccd1e4b19dc67a4af7c28b52cdbeab361ca20d8fe	Copied byte-for-byte from the fixed upstream baseline.
_content/tour/solutions/image.go	_content/tour/solutions/image.go	exact	d78cda6272212f8a73bd991efa502753b4ff36edcd004b21539c2111b16b547f	d78cda6272212f8a73bd991efa502753b4ff36edcd004b21539c2111b16b547f	Copied byte-for-byte from the fixed upstream baseline.
_content/tour/solutions/loops.go	_content/tour/solutions/loops.go	exact	eb6db8129feb19a3ce8b1aae02b7f579f9ea3b14af233d5a0b37c495a781dc7d	eb6db8129feb19a3ce8b1aae02b7f579f9ea3b14af233d5a0b37c495a781dc7d	Copied byte-for-byte from the fixed upstream baseline.
_content/tour/solutions/maps.go	_content/tour/solutions/maps.go	exact	2573eaf263713147101f200ec239d1cc7db9657cc95d30667f5c2fb7087ff12c	2573eaf263713147101f200ec239d1cc7db9657cc95d30667f5c2fb7087ff12c	Copied byte-for-byte from the fixed upstream baseline.
_content/tour/solutions/readers.go	_content/tour/solutions/readers.go	exact	6086e0029480b202ff1d5bc81ac9d6343103f25afd40ac56635d0cf65e41038a	6086e0029480b202ff1d5bc81ac9d6343103f25afd40ac56635d0cf65e41038a	Copied byte-for-byte from the fixed upstream baseline.
_content/tour/solutions/rot13.go	_content/tour/solutions/rot13.go	exact	a46d83576a2ef31663d22225a32740c3ab70d3dc11066318ec471c57cd2a854f	a46d83576a2ef31663d22225a32740c3ab70d3dc11066318ec471c57cd2a854f	Copied byte-for-byte from the fixed upstream baseline.
_content/tour/solutions/slices.go	_content/tour/solutions/slices.go	exact	95119b8cd62eb8b0998ad80be30fe642931f52a06ddf80676c684f4438728d40	95119b8cd62eb8b0998ad80be30fe642931f52a06ddf80676c684f4438728d40	Copied byte-for-byte from the fixed upstream baseline.
_content/tour/solutions/stringers.go	_content/tour/solutions/stringers.go	exact	270d781f1e5696bde89be0aa97c7fe86ff832547a94e32cfe571e7acecdec5c0	270d781f1e5696bde89be0aa97c7fe86ff832547a94e32cfe571e7acecdec5c0	Copied byte-for-byte from the fixed upstream baseline.
_content/tour/solutions/webcrawler.go	_content/tour/solutions/webcrawler.go	exact	490f194b0e0610dde7196a8cb2ebec643586a6f05f94a1aabe7a29fb526b8882	490f194b0e0610dde7196a8cb2ebec643586a6f05f94a1aabe7a29fb526b8882	Copied byte-for-byte from the fixed upstream baseline.
_content/tour/static/css/app.css	_content/tour/static/css/app.css	exact	b3d4c1aa8e2fc0399ec2bb27739930821a724b4514980b98edac70138883c75c	b3d4c1aa8e2fc0399ec2bb27739930821a724b4514980b98edac70138883c75c	Copied byte-for-byte from the fixed upstream baseline.
_content/tour/static/img/favicon.ico	_content/tour/static/img/favicon.ico	exact	cc1981269d7435d205eec16f531192cf12452f6b230f8c8a936236175777fc12	cc1981269d7435d205eec16f531192cf12452f6b230f8c8a936236175777fc12	Copied byte-for-byte from the fixed upstream baseline.
_content/tour/static/img/gopher.png	_content/tour/static/img/gopher.png	exact	6ebffb91e71e654f4ebbbb55673449ad1d1437d373685874e59647ce92d69f2b	6ebffb91e71e654f4ebbbb55673449ad1d1437d373685874e59647ce92d69f2b	Copied byte-for-byte from the fixed upstream baseline.
_content/tour/static/img/tree.png	_content/tour/static/img/tree.png	exact	cec93820212ffbcb1660ba877e551b553fc295838e487b105d4e3994bf99fb32	cec93820212ffbcb1660ba877e551b553fc295838e487b105d4e3994bf99fb32	Copied byte-for-byte from the fixed upstream baseline.
_content/tour/static/js/app.js	_content/tour/static/js/app.js	exact	1674992c18d8c2ac20f2cabd8e224a56d77b3c51f7ac4f18f80e1bbc937d4e63	1674992c18d8c2ac20f2cabd8e224a56d77b3c51f7ac4f18f80e1bbc937d4e63	Copied byte-for-byte from the fixed upstream baseline.
_content/tour/static/js/controllers.js	_content/tour/static/js/controllers.js	exact	0f8e57b8f81e9fd721b736be538f1eeafbefee0da670f8913ea11f5ea5b41f3e	0f8e57b8f81e9fd721b736be538f1eeafbefee0da670f8913ea11f5ea5b41f3e	Copied byte-for-byte from the fixed upstream baseline.
_content/tour/static/js/directives.js	_content/tour/static/js/directives.js	exact	29c02307850c243cea2c913c8e168fc15d963e9b6f02bc14e0a0371c419ef4c4	29c02307850c243cea2c913c8e168fc15d963e9b6f02bc14e0a0371c419ef4c4	Copied byte-for-byte from the fixed upstream baseline.
_content/tour/static/js/page.js	_content/tour/static/js/page.js	exact	a45b3b92564fbdc69727c2d77d232ec319b5cb8b8d0e6cf035a0e9e4ff37a98f	a45b3b92564fbdc69727c2d77d232ec319b5cb8b8d0e6cf035a0e9e4ff37a98f	Copied byte-for-byte from the fixed upstream baseline.
_content/tour/static/js/services.js	_content/tour/static/js/services.js	exact	f97d31dda1e5f67b3ed182f862ec63ae04afb3b4d4d97f06c2c4e55974bff132	f97d31dda1e5f67b3ed182f862ec63ae04afb3b4d4d97f06c2c4e55974bff132	Copied byte-for-byte from the fixed upstream baseline.
_content/tour/static/js/values.js	_content/tour/static/js/values.js	exact	dba781a31757570a546e3502cee0fbd4317bd48efd1073eb27e61d11a9dc9424	dba781a31757570a546e3502cee0fbd4317bd48efd1073eb27e61d11a9dc9424	Copied byte-for-byte from the fixed upstream baseline.
_content/tour/static/lib/angular-ui.min.js	_content/tour/static/lib/angular-ui.min.js	exact	a410f8bf4a06b2ffd097fd7630c761dee535c9fdbe4e0f0de309b33525f7adb3	a410f8bf4a06b2ffd097fd7630c761dee535c9fdbe4e0f0de309b33525f7adb3	Copied byte-for-byte from the fixed upstream baseline.
_content/tour/static/lib/angular.min.js	_content/tour/static/lib/angular.min.js	exact	b799b5bbd9f1a1d763d3bfc1c88bce9f0b347e72fcf796188a030f0f0a700d7f	b799b5bbd9f1a1d763d3bfc1c88bce9f0b347e72fcf796188a030f0f0a700d7f	Copied byte-for-byte from the fixed upstream baseline.
_content/tour/static/lib/codemirror/AUTHORS	_content/tour/static/lib/codemirror/AUTHORS	exact	e84789644b31f64dc111cc527afa785d61868735392c6d5e7d7fc92ee04db016	e84789644b31f64dc111cc527afa785d61868735392c6d5e7d7fc92ee04db016	Copied byte-for-byte from the fixed upstream baseline.
_content/tour/static/lib/codemirror/LICENSE	_content/tour/static/lib/codemirror/LICENSE	exact	a3f2fe2ac6b471aa80c737c5d283dd049bdc903a73835ee6d4d2cac02fdd53bf	a3f2fe2ac6b471aa80c737c5d283dd049bdc903a73835ee6d4d2cac02fdd53bf	Copied byte-for-byte from the fixed upstream baseline.
_content/tour/static/lib/codemirror/README	_content/tour/static/lib/codemirror/README	exact	59c44ed16b6f776cee11774403d4f6ab7f8eff95246e326bf7fbc6869012e6f8	59c44ed16b6f776cee11774403d4f6ab7f8eff95246e326bf7fbc6869012e6f8	Copied byte-for-byte from the fixed upstream baseline.
_content/tour/static/lib/codemirror/lib/codemirror.css	_content/tour/static/lib/codemirror/lib/codemirror.css	exact	b55e7aadeb9e5f9681910b5b6654669b019ee50e71c9777441f2be8daf2bf002	b55e7aadeb9e5f9681910b5b6654669b019ee50e71c9777441f2be8daf2bf002	Copied byte-for-byte from the fixed upstream baseline.
_content/tour/static/lib/codemirror/lib/codemirror.js	_content/tour/static/lib/codemirror/lib/codemirror.js	exact	e816592a29d8879f106dcc3228903952d70e29fb4f167d49fa15bee238cb8933	e816592a29d8879f106dcc3228903952d70e29fb4f167d49fa15bee238cb8933	Copied byte-for-byte from the fixed upstream baseline.
_content/tour/static/lib/codemirror/mode/go/go.js	_content/tour/static/lib/codemirror/mode/go/go.js	exact	ad0fa2e56e74b914409f1585ed217c21386011c9461f6ef620429bbff8220368	ad0fa2e56e74b914409f1585ed217c21386011c9461f6ef620429bbff8220368	Copied byte-for-byte from the fixed upstream baseline.
_content/tour/static/lib/jquery-ui.min.js	_content/tour/static/lib/jquery-ui.min.js	exact	9528ca634fecad433d044ddd3e6f9ce1f068d5d932dafdbb19d8e6daea1968bd	9528ca634fecad433d044ddd3e6f9ce1f068d5d932dafdbb19d8e6daea1968bd	Copied byte-for-byte from the fixed upstream baseline.
_content/tour/static/lib/jquery.min.js	_content/tour/static/lib/jquery.min.js	exact	d8f9afbf492e4c139e9d2bcb9ba6ef7c14921eb509fb703bc7a3f911b774eff8	d8f9afbf492e4c139e9d2bcb9ba6ef7c14921eb509fb703bc7a3f911b774eff8	Copied byte-for-byte from the fixed upstream baseline.
_content/tour/static/partials/editor.html	_content/tour/static/partials/editor.html	exact	a4c198ff7bb24bd02aeb5e682e9fe2198742d47ddd3de291554c1c178c4a9308	a4c198ff7bb24bd02aeb5e682e9fe2198742d47ddd3de291554c1c178c4a9308	Copied byte-for-byte from the fixed upstream baseline.
_content/tour/static/partials/feedback-button.html	_content/tour/static/partials/feedback-button.html	exact	13c33a8869b9afeb14f7d6b6ca769d023e84343886e13a5e0c9504e23b449ed7	13c33a8869b9afeb14f7d6b6ca769d023e84343886e13a5e0c9504e23b449ed7	Copied byte-for-byte from the fixed upstream baseline.
_content/tour/static/partials/lesson.html	_content/tour/static/partials/lesson.html	exact	a0a398aa091b075465a00c565bb9960180a278aee3343f6fd50deedf0cf94864	a0a398aa091b075465a00c565bb9960180a278aee3343f6fd50deedf0cf94864	Copied byte-for-byte from the fixed upstream baseline.
_content/tour/static/partials/list.html	_content/tour/static/partials/list.html	exact	7b977137723d2be9b8dc3023f9c9817f6319057c086291dca52eb0e5fa103370	7b977137723d2be9b8dc3023f9c9817f6319057c086291dca52eb0e5fa103370	Copied byte-for-byte from the fixed upstream baseline.
_content/tour/static/partials/toc-button.html	_content/tour/static/partials/toc-button.html	exact	58966d1f04de1bd90a8489efdec9232cb6f212a5ef6e1c260b4b1028bd95e604	58966d1f04de1bd90a8489efdec9232cb6f212a5ef6e1c260b4b1028bd95e604	Copied byte-for-byte from the fixed upstream baseline.
_content/tour/static/partials/toc.html	_content/tour/static/partials/toc.html	exact	960edb464cc8c2b40b94c3c2db7bef777b69eba421bbdd08a922f3bf1deefaaf	960edb464cc8c2b40b94c3c2db7bef777b69eba421bbdd08a922f3bf1deefaaf	Copied byte-for-byte from the fixed upstream baseline.
_content/tour/template/action.tmpl	_content/tour/template/action.tmpl	exact	db4cb2b06a009d226e7bc42388a4a1e61a31143a388daa36594e7c21314315e0	db4cb2b06a009d226e7bc42388a4a1e61a31143a388daa36594e7c21314315e0	Copied byte-for-byte from the fixed upstream baseline.
_content/tour/template/index.tmpl	_content/tour/template/index.tmpl	exact	9df52fbb399bba7cb10ca739a0c6dc703c8f8011c41e8399ea283299243382a2	9df52fbb399bba7cb10ca739a0c6dc703c8f8011c41e8399ea283299243382a2	Copied byte-for-byte from the fixed upstream baseline.
_content/tour/welcome.article	_content/tour/welcome.article	exact	c58a8032c5be523406e25925a930eb44dabc96e57b14c344beedf61347707d23	c58a8032c5be523406e25925a930eb44dabc96e57b14c344beedf61347707d23	Copied byte-for-byte from the fixed upstream baseline.
_content/tour/welcome/hello.go	_content/tour/welcome/hello.go	exact	e3b8f04479ba8d86edf3dd3ef095b6f7b6200bcbd361e951be97ea507fdff72f	e3b8f04479ba8d86edf3dd3ef095b6f7b6200bcbd361e951be97ea507fdff72f	Copied byte-for-byte from the fixed upstream baseline.
_content/tour/welcome/sandbox.go	_content/tour/welcome/sandbox.go	exact	4eb8090f7e6b57f2e9fec950060721974187c98007124044135c816c24a3ba53	4eb8090f7e6b57f2e9fec950060721974187c98007124044135c816c24a3ba53	Copied byte-for-byte from the fixed upstream baseline.
content.go	content.go	adapted	2cb889b7913c61cda6fae6118bc67e24e476fee3e0a3b6ffe4f6ad15add7ef6d	89792b6b166200f0d9f1b9995c1601ffe85ecbc626ff5cf13203d8ae758d94e3	Extracted upstream TourOnly embedding, removed unrelated website content, and added all favicon assets referenced by the Tour template.
content_test.go	content_test.go	adapted	b829fa3f1934dd555194d7f97ff452a94fe0b1b263c8faa88ad1746cf59bd431	be298d2bc2467d9113c7142317d69f2465be80b05af45341e9388e754acdd165	Extracted the upstream TestTourContent snippet build/run logic for the Tour-only module.
internal/tour/appengine.go	internal/tour/appengine.go	exact	cda73614fa5ae3591450784c59400c2401a0ee3673e16083e81be5519f23b6c2	cda73614fa5ae3591450784c59400c2401a0ee3673e16083e81be5519f23b6c2	Copied byte-for-byte from the fixed upstream baseline.
internal/tour/fmt.go	internal/tour/fmt.go	exact	a99d2d18036894ac73c52dac26ad6021b3549b707b2458fe2ffd00eb527d9ab8	a99d2d18036894ac73c52dac26ad6021b3549b707b2458fe2ffd00eb527d9ab8	Copied byte-for-byte from the fixed upstream baseline.
internal/tour/local.go	internal/tour/local.go	adapted	32010a518c7f13ba72a9568bb13f4aa16f98fff0abba4e71f1b51bc2c81edeed	1a0053c6dcf1124bf96e63509ecf7419db5f1c4dd153b6616ca7b2052ee14e68	Updated only the repository-internal Go import path for the standalone module.
internal/tour/server_test.go	internal/tour/server_test.go	adapted	6f8e8fb8ddff69aef663b68c36a94a76d50b9a7ce6de3801a5f73bb7504e2023	6f3162e513ce40037b0972f91a5bfc5df88176055ec1743e340b0f3abb226bd7	Updated the internal import path and extended handler coverage for Tour resources and /_/fmt.
internal/tour/testdata/tour.txt	internal/tour/testdata/tour.txt	adapted	bb83227dd3d5b3381a76344116c6a2699f746cc678296e5cea8edf9723285a9d	e93084460aaaea1d61a10fe5dfabf86046c6bac77262dcccaef0bbb6671a5aa4	Extended the upstream Tour webtest script with lesson, static asset, logo, and favicon checks.
internal/tour/tour.go	internal/tour/tour.go	adapted	1e23025ea4675cb4a5ef7f2f94bf419dff83821e974cb2432072ad6fe3cd8120	ec52a6a7eb94be41e6836972381249d7d021555c5d5e412b4f2e058b2a6adaa1	Updated only the repository-internal Go import path for the standalone module.
internal/webtest/testdata/echo.txt	internal/webtest/testdata/echo.txt	exact	d824c4a6c050cd75e8af84610696657edfdab45b215256a85502b257948852dd	d824c4a6c050cd75e8af84610696657edfdab45b215256a85502b257948852dd	Copied byte-for-byte from the fixed upstream baseline.
internal/webtest/testdata/fs.txt	internal/webtest/testdata/fs.txt	exact	be3d116422f300e68719baf15a6890aacb9ca5991d76f810e75372a35607e7ad	be3d116422f300e68719baf15a6890aacb9ca5991d76f810e75372a35607e7ad	Copied byte-for-byte from the fixed upstream baseline.
internal/webtest/testdata/hello.html	internal/webtest/testdata/hello.html	exact	21574aad1c3e2246625360d3a6b2356676651800a5b87502e05e69e2c27dc5d0	21574aad1c3e2246625360d3a6b2356676651800a5b87502e05e69e2c27dc5d0	Copied byte-for-byte from the fixed upstream baseline.
internal/webtest/webtest.go	internal/webtest/webtest.go	exact	814a7fecfc01ffd48f790b4789b82322eb679fb0de0c004c14e12dc24cf6d5af	814a7fecfc01ffd48f790b4789b82322eb679fb0de0c004c14e12dc24cf6d5af	Copied byte-for-byte from the fixed upstream baseline.
internal/webtest/webtest_test.go	internal/webtest/webtest_test.go	exact	9355d7cf1a7cbcbd927f62f412d6e9383a1651107d3311e9e65e65a525992204	9355d7cf1a7cbcbd927f62f412d6e9383a1651107d3311e9e65e65a525992204	Copied byte-for-byte from the fixed upstream baseline.
tour/README.md	tour/README.md	exact	a9816dd6abd135c2c2ea9292d723e10692de5c7718cf9b6b46ab08e49980713c	a9816dd6abd135c2c2ea9292d723e10692de5c7718cf9b6b46ab08e49980713c	Copied byte-for-byte from the fixed upstream baseline.
tour/TRANSLATE	tour/TRANSLATE	exact	b647ffd11083d29374a7934d594f43c4aecc2859c07d0bea555705190570da46	b647ffd11083d29374a7934d594f43c4aecc2859c07d0bea555705190570da46	Copied byte-for-byte from the fixed upstream baseline.
tour/main.go	tour/main.go	adapted	a8b9788a37052b33832adaf1bf9122af696cfa6d5cb870c1a8a22af08e549ad5	d4c4281a5371f6c3d29ce5116cd1cd907a97ba770a9d93787fad767d74a6a520	Updated only the repository-internal Go import path for the standalone module.
