page_id	status	attempts	source_sha256	candidate_path	updated_at	note
welcome/1	ready	6	3fbd64163f0301d60fcf1440c8aa65a79358e7028fec433aee49ae0c364d3034	locales/zh-CN/candidates/welcome-1.article	2026-08-02T13:25:30Z	GLM-5.2 candidate passed existing validator
welcome/2	pending	0	556b44959e651ea6ba4bfae4eb635956bd18aad70626bc5bda3f4e3b7eeeb681	""	""	""
welcome/3	pending	0	9a6983b2e50b2fa78ff4f65683210714aea1c1575418e36796c156950ec6330d	""	""	""
basics/1	pending	0	f769f12c0a028b2f0cd403d89ff39dd150405e9f2e4155875321522f08619fe0	""	""	""
basics/2	pending	0	3329c9bff5f7e2b9b1e161fdebfb3804ff57cf1fb11bd4327d228328bcfb3fd0	""	""	""
basics/3	pending	0	38b9c70e49184a24f63f6b12f8ba78e64c0b874ad2a6f9a5fe86267615fd1bf6	""	""	""
basics/4	pending	0	accf0562d9b759c9735500d5df0d74e8f90142ed96fe5ab2f5eedc6fbd6cf6f2	""	""	""
basics/5	pending	0	02e7feb341329e18143e18d533fe45381883a6ba6425abb09a847e2f0edf228a	""	""	""
basics/6	pending	0	b3cb4b40115066443f265e3e5ebb9fc0fd6d080784c887328fce4d6b7891ba41	""	""	""
basics/7	pending	0	1db20ae87ce5d9d4b20f15e4638ba2a3295a7ce781c961ef618982890fc562fa	""	""	""
basics/8	pending	0	bcb1b5e17ed9dff3d46a7cd8119c0d2f9c3afbb70ca94d35fadeb4f75b4a9d13	""	""	""
basics/9	pending	0	b759eeca18856213360fbb85c4ec2574333bf1f251e775097f557ff8bacd6942	""	""	""
basics/10	pending	0	f402e8e89a186d3208df5e4d983604730e71ef6c68354755f72e4580d3d7f359	""	""	""
basics/11	pending	0	836ab1dd659798dcf5e90f283c4ee794aed1d2cf0766c2ccc268fa91684e9d05	""	""	""
basics/12	pending	0	d9ad62501c05359e7b2ac445fa92d629e11d6d378c2701b767abab76012a558e	""	""	""
basics/13	pending	0	88e0e168f4c95fa4134198a32440b2d2fb1fac9aae535a9ee7148dbcda37e1b3	""	""	""
basics/14	pending	0	21c4077c25629545dee0313b8b6b03e709edc4a74e1d73d9f4c9b0a49e46f6b3	""	""	""
basics/15	pending	0	964ac515c0860a54b3a7780d77c7b4862ca38b744ae1f6be4b155a4386e2a229	""	""	""
basics/16	pending	0	0d502d48a15f7a70e257079d7db1ddafe088607110c1c06b17b4be50b362394a	""	""	""
basics/17	pending	0	f565674b974c053924bf69ef83b709dc50931526ae7fa88e71543a5cd872a190	""	""	""
flowcontrol/1	pending	0	c1169da4fac9516ce733f1a4439d4181c5c42635c9839625d6f82dd8e4951042	""	""	""
flowcontrol/2	pending	0	24a97abbb6db2b6a88017bf326a5968097263d8ba637805f2cf44c9fed25f9fe	""	""	""
flowcontrol/3	pending	0	3ed791cc935287ba6f5da4ba41f6ad84fdcbaef108ee364f769ae5204316bbb7	""	""	""
flowcontrol/4	pending	0	5456c129ef71c60b7502efde65c81020aaf1fa8b9178086e99223a21f6207dc6	""	""	""
flowcontrol/5	pending	0	ce49f916c1ceb7296576ec6b8ec92524b9827be168e3f5eb2040c61fee70f639	""	""	""
flowcontrol/6	pending	0	02e310262214f3c5ceca8bf63ecf2ec3934641a7e2638050479b739ce077031e	""	""	""
flowcontrol/7	pending	0	8666746573ce7d0ea1c12ff24c4c8170a1961eedb0600ed73ab849b4758f797c	""	""	""
flowcontrol/8	pending	0	d8bbee8455ff59212ef432a08312f7c7703360367325a80df3719157200316e9	""	""	""
flowcontrol/9	pending	0	abdc4c295fa7b4aec2616acf83badbbf2b581a9f62e41d03ca2ff984ebb6f7ed	""	""	""
flowcontrol/10	pending	0	cc9f61b13f374198b37d8e419296ff72f961da1e4e37d17afce8769b50b6a915	""	""	""
flowcontrol/11	pending	0	714b67f479583e47080cd0f38489f465a28c002938390c4155af6dfeebb9225b	""	""	""
flowcontrol/12	pending	0	fa23a1d6ebf12f11843d38fe79c413a9c19bfcaf305ae64b75c360db24a436ec	""	""	""
flowcontrol/13	pending	0	73a02c24eb14597b3c5f53a09fc572f1a1f0c941adfc337c79fb14b492985fc1	""	""	""
flowcontrol/14	pending	0	f565674b974c053924bf69ef83b709dc50931526ae7fa88e71543a5cd872a190	""	""	""
moretypes/1	pending	0	7706eaf0d46acc79fdad3b7953e5571bf404551d71aaefafd8ba79f5761f9806	""	""	""
moretypes/2	pending	0	a18dfdaadb9739387cc9886b67e9bf920bf52ada62397a1812cfd302c64aed9b	""	""	""
moretypes/3	pending	0	0be9cb4a59a0d95526c208e5d8d96ebe6a15fd84b6e3a2ff9a07963226cb7b58	""	""	""
moretypes/4	pending	0	29695d334b6ff809e84ae8caeb7b9dc493143236783c07c16a83ecc64514c310	""	""	""
moretypes/5	pending	0	cf9282456e2a91274c1b135a68fce58dd1590f6a2d7153f0619c97ded8bd00d1	""	""	""
moretypes/6	pending	0	0ec503e46281eb8ff25ceba5b92c9f9c3b40517aeea77cf4878760ed0da9d29c	""	""	""
moretypes/7	pending	0	a169cf48dd659510ff7f1f8adfdbed5a247b51a1f7c3a45ae972f18921925033	""	""	""
moretypes/8	pending	0	e577f9e98a9c871cdc6f39ecca1bdd0965c26da3b9ab6c2a7cab42b3b0f3a568	""	""	""
moretypes/9	pending	0	fb79cf8caed7abc7dfd92e90cf1bcc11d547b8af96d224f30fefc995f98dbb0b	""	""	""
moretypes/10	pending	0	36d1f92fc5e51cddcd26be7f74a875e60bf24633dd7c8689672fa23a6720e2a1	""	""	""
moretypes/11	pending	0	e2d7d69c946e5a01d8d0eab2e07a2bf35e23453a617d5e7602ff0af5c5866d8f	""	""	""
moretypes/12	pending	0	e7a4bb0d5e7928c2da06312d983eba2adb533b30299025f507df183f00fefc89	""	""	""
moretypes/13	pending	0	d057e6bf75421597d430ff52f844499b5828ab2c4b4c5148ad88b6b89326ac20	""	""	""
moretypes/14	pending	0	d8bee22c0382cf5fd5647c4d7106165d153cb15aaed8ec82e1f06e12ad0c73d1	""	""	""
moretypes/15	pending	0	f2fc257e7c5f118321acc3b75e946053601532d411e8540534280d7fba795289	""	""	""
moretypes/16	pending	0	73fc46a2e049ce2ff4a4fc0595d717ed5d6e15b7093a6014509a48f501253186	""	""	""
moretypes/17	pending	0	b52cca070f62a3ffeab3adf20f2745e1dd9aa2644a3985c23ac295e81e2c3bc9	""	""	""
moretypes/18	pending	0	9c5fd763eaedec8e8bfb60f52713417ff247bc4467aa8a94412c55ab83c781ba	""	""	""
moretypes/19	pending	0	39107d53feaffd26d7bb13103fe6e40746e9844d9b37bbf84559f7b91db312f3	""	""	""
moretypes/20	pending	0	1d3caa45093f65b50d5ebcff6a57559c3fe70faba85f3a0bb41db38c5375a507	""	""	""
moretypes/21	pending	0	0493179c2396f2e755fa5f1e579ce6f4cc716842ef5ee77a0b1c742210c15f9f	""	""	""
moretypes/22	pending	0	f6963bc620184c7fbea7b04c309ccf64d508a4e835500fa7dd4188e60204019f	""	""	""
moretypes/23	pending	0	3214968207b659c3fb6bf92ee3d1ba0858bf7d3240dfad30fada7c5d8bddea69	""	""	""
moretypes/24	pending	0	91b508ec19d3baf6fd1b2382e54b0f4ec226e9af99d027e86d734cf081d9c897	""	""	""
moretypes/25	pending	0	570e535e9c2b2d1978534eb3b42f226102b11da36a3f9e61620dc5eafdb6be5f	""	""	""
moretypes/26	pending	0	24f01440a7b0d638694c6cb275bf92e79e1fb2463ea2eb7d40a68cc4d6a0ed29	""	""	""
moretypes/27	pending	0	f565674b974c053924bf69ef83b709dc50931526ae7fa88e71543a5cd872a190	""	""	""
methods/1	pending	0	8a62096b755332ede134c87493abe49231a52ce60abebcdc107bb6a64434fc72	""	""	""
methods/2	pending	0	ade066728f85cc93e75c2472b80d532b62259a7e08e42ef36e3d05c6cfa5476d	""	""	""
methods/3	pending	0	31c4fd0d80c8f1d96cf3efb1ecc1f9d3c0d1b5b70bb5c23bf7227b7007469588	""	""	""
methods/4	pending	0	99f9fa4e5c4dd46d393f40b417d0430c4e27e56f40146f5f192f55ccda4e2db3	""	""	""
methods/5	pending	0	cac8affc7a8fd7bc1c0003d8cbf5bd7c85433faea45ea1b39f3b80c2fbc5eae9	""	""	""
methods/6	pending	0	39fb725b0a084ce3634dc973c215ff7a0f034c5f7b51c2ffe25934088072ebf6	""	""	""
methods/7	pending	0	61a9cb8411e6ce15dce3383a68a52c6644599e84269b3faf240129277d238f7e	""	""	""
methods/8	pending	0	357424f2a76613085184054178042b442331b5689d156ac9c37e09e57c436dae	""	""	""
methods/9	pending	0	39efc19ed01619130489d21e421f2c0d8947b20f408580f4ceaabce6a0feb099	""	""	""
methods/10	pending	0	11ca99e6e83d93827daf02b177156fcb6f3c94ac8c202491dfffc5840ce4e39f	""	""	""
methods/11	pending	0	ccb2ed709b887724d22fb93714702fed5de4b7a83ca976876864045ff4752270	""	""	""
methods/12	pending	0	9487ca3c9872972d42af8cfa389755678fe8a7cca110b592aac2a762332febf5	""	""	""
methods/13	pending	0	2897922c0b088ccd46b3e42a442aeecda0787c4162db1329d0e8f39d05735547	""	""	""
methods/14	pending	0	f85eea0b014a1f885077243bef53d3b38d8f06120b49d257ada1d66f59e80d96	""	""	""
methods/15	pending	0	c205b4eb940358edea6321cfa422c3c00a560e9a6a71b08c8b3fa3ab9e4926ae	""	""	""
methods/16	pending	0	26e4da09e80d30b06368691c76ee2940139b0f6fc40cad47bb6d1d2947933c27	""	""	""
methods/17	pending	0	0363038e64b6f186e1bbd55c3323a5d7770a2b728605d8e3f01ae234aff6a444	""	""	""
methods/18	pending	0	ad118644f53755586f14409e203bccfb5ac4cff7c01734157032a45648fb06d3	""	""	""
methods/19	pending	0	9eaab1fde2076c1376f78ceec0f84766c4c3b8062867436d73cef0bc77f16bd5	""	""	""
methods/20	pending	0	41f1f73320fde60ee5ff30d5927a19ff22d6da6a336bb776e15f2499e4f421d8	""	""	""
methods/21	pending	0	120c3fc9f67579cf78605cf0c9f006fc28d3569043a08079ddb645ca9c3fc3b1	""	""	""
methods/22	pending	0	0df444d989996a06d6dd50f4b109af4ae1cb2302b8dd867bcbe9bf98e424d230	""	""	""
methods/23	pending	0	11d876145fae980b2e283e3fac7357a950eb20f022b7da48cc58efed5b1e8e04	""	""	""
methods/24	pending	0	d80f0d46796ad415a7ded4d0cefdef6cdb58deb38d050a61eb64abb25caf27ee	""	""	""
methods/25	pending	0	a196bc59d96602c3fe72cf765419366094a5c1e96de0d24dd140887ebd1826b5	""	""	""
methods/26	pending	0	f565674b974c053924bf69ef83b709dc50931526ae7fa88e71543a5cd872a190	""	""	""
generics/1	pending	0	01a045105dc8c12fb1709f122d363235c19a6464d5de7587d579524aec270dd6	""	""	""
generics/2	pending	0	08486351895e62792a84bc3eeab6aa85df7b1658735b7239040d219812f63277	""	""	""
generics/3	pending	0	f565674b974c053924bf69ef83b709dc50931526ae7fa88e71543a5cd872a190	""	""	""
concurrency/1	pending	0	d0a9c45078c2255540cfffe48744a07fa04ab5c2113e8880068b5a400ae0ebdc	""	""	""
concurrency/2	pending	0	a35e3af26b51f8c2c2a6dfaf09f9c7cab0fdb4b1b56f9e4dc9b793f1dac1e295	""	""	""
concurrency/3	pending	0	caef0893a54c61f192be397f6b27a039d81dc007f98f2d203a5a287383c0682e	""	""	""
concurrency/4	pending	0	3e925c6745255a443c61f25cd8131d538dc8677938f1c5021ce798465020b42e	""	""	""
concurrency/5	pending	0	8d8de56f080d4f702ac455aa60cb13b745472bedc9755000e8b5d6a2a898577d	""	""	""
concurrency/6	pending	0	82e9cd932e14e6c4852fc8f865f4c45dc75845bd1a306649152ebc045f0c3b2c	""	""	""
concurrency/7	pending	0	7c5d3fc7bb2540285d746242f8a1d16075639648eec8909c1df52239297d2917	""	""	""
concurrency/8	pending	0	b362cc15a26324acd311f7cab18a628dc1d7d9ac6d455add7d651d41acf15e9a	""	""	""
concurrency/9	pending	0	49f727794604c2ef8a8dda9508d0f412d7015cea77754c675a02b166dd9bfc93	""	""	""
concurrency/10	pending	0	bb686393225ef2335e627819a1664a84456f00b64af133af64920d43f0abdb94	""	""	""
concurrency/11	pending	0	2695d0894528aaa03728b5730ccf77871006eacd02f745f07399c27241469bff	""	""	""
