page_id	article	section_number	route	source_title	source_sha256	play_count	image_count
welcome/1	welcome.article	1	/welcome/1	Hello, 世界	1f581133d7fa40e6490418c6789a60a2f5e1de26c9c86d7eb6120cb58b145857	1	0
welcome/2	welcome.article	2	/welcome/2	Go local	c1c8c34dfe10b11b5cc72e1daae4336290d613bbbe5445012be949ab904fd3fa	0	0
welcome/4	welcome.article	3	/welcome/3	Go offline (optional)	bb517d4b577fdb446fd029c2998d2426663b94a68f4b4e494c59af421508f683	0	0
welcome/5	welcome.article	4	/welcome/4	The Go Playground	19e6d7da57ca1d191c485754f3dd4ac87775c651b8c0ae8e05c03cbd9b225897	1	0
welcome/3	welcome.article	5	/welcome/5	Congratulations	9a6983b2e50b2fa78ff4f65683210714aea1c1575418e36796c156950ec6330d	0	0
basics/1	basics.article	1	/basics/1	Packages	f769f12c0a028b2f0cd403d89ff39dd150405e9f2e4155875321522f08619fe0	1	0
basics/2	basics.article	2	/basics/2	Imports	3329c9bff5f7e2b9b1e161fdebfb3804ff57cf1fb11bd4327d228328bcfb3fd0	1	0
basics/3	basics.article	3	/basics/3	Exported names	38b9c70e49184a24f63f6b12f8ba78e64c0b874ad2a6f9a5fe86267615fd1bf6	1	0
basics/4	basics.article	4	/basics/4	Functions	accf0562d9b759c9735500d5df0d74e8f90142ed96fe5ab2f5eedc6fbd6cf6f2	1	0
basics/5	basics.article	5	/basics/5	Functions continued	02e7feb341329e18143e18d533fe45381883a6ba6425abb09a847e2f0edf228a	1	0
basics/6	basics.article	6	/basics/6	Multiple results	b3cb4b40115066443f265e3e5ebb9fc0fd6d080784c887328fce4d6b7891ba41	1	0
basics/7	basics.article	7	/basics/7	Named return values	1db20ae87ce5d9d4b20f15e4638ba2a3295a7ce781c961ef618982890fc562fa	1	0
basics/8	basics.article	8	/basics/8	Variables	bcb1b5e17ed9dff3d46a7cd8119c0d2f9c3afbb70ca94d35fadeb4f75b4a9d13	1	0
basics/9	basics.article	9	/basics/9	Variables with initializers	d51c17ba355753484b96c0eefda9fcce9f6f041a8ae2bf3e96fd0ad0c44680cc	1	0
basics/10	basics.article	10	/basics/10	Short variable declarations	f402e8e89a186d3208df5e4d983604730e71ef6c68354755f72e4580d3d7f359	1	0
basics/11	basics.article	11	/basics/11	Basic types	836ab1dd659798dcf5e90f283c4ee794aed1d2cf0766c2ccc268fa91684e9d05	1	0
basics/12	basics.article	12	/basics/12	Zero values	d9ad62501c05359e7b2ac445fa92d629e11d6d378c2701b767abab76012a558e	1	0
basics/13	basics.article	13	/basics/13	Type conversions	88e0e168f4c95fa4134198a32440b2d2fb1fac9aae535a9ee7148dbcda37e1b3	1	0
basics/14	basics.article	14	/basics/14	Type inference	21c4077c25629545dee0313b8b6b03e709edc4a74e1d73d9f4c9b0a49e46f6b3	1	0
basics/15	basics.article	15	/basics/15	Constants	964ac515c0860a54b3a7780d77c7b4862ca38b744ae1f6be4b155a4386e2a229	1	0
basics/16	basics.article	16	/basics/16	Numeric Constants	0d502d48a15f7a70e257079d7db1ddafe088607110c1c06b17b4be50b362394a	1	0
basics/17	basics.article	17	/basics/17	Congratulations!	f565674b974c053924bf69ef83b709dc50931526ae7fa88e71543a5cd872a190	0	0
flowcontrol/1	flowcontrol.article	1	/flowcontrol/1	For	c1169da4fac9516ce733f1a4439d4181c5c42635c9839625d6f82dd8e4951042	1	0
flowcontrol/2	flowcontrol.article	2	/flowcontrol/2	For continued	24a97abbb6db2b6a88017bf326a5968097263d8ba637805f2cf44c9fed25f9fe	1	0
flowcontrol/3	flowcontrol.article	3	/flowcontrol/3	"For is Go's ""while"""	3ed791cc935287ba6f5da4ba41f6ad84fdcbaef108ee364f769ae5204316bbb7	1	0
flowcontrol/4	flowcontrol.article	4	/flowcontrol/4	Forever	5456c129ef71c60b7502efde65c81020aaf1fa8b9178086e99223a21f6207dc6	1	0
flowcontrol/5	flowcontrol.article	5	/flowcontrol/5	If	ce49f916c1ceb7296576ec6b8ec92524b9827be168e3f5eb2040c61fee70f639	1	0
flowcontrol/6	flowcontrol.article	6	/flowcontrol/6	If with a short statement	02e310262214f3c5ceca8bf63ecf2ec3934641a7e2638050479b739ce077031e	1	0
flowcontrol/7	flowcontrol.article	7	/flowcontrol/7	If and else	8666746573ce7d0ea1c12ff24c4c8170a1961eedb0600ed73ab849b4758f797c	1	0
flowcontrol/8	flowcontrol.article	8	/flowcontrol/8	Exercise: Loops and Functions	d8bbee8455ff59212ef432a08312f7c7703360367325a80df3719157200316e9	1	0
flowcontrol/9	flowcontrol.article	9	/flowcontrol/9	Switch	abdc4c295fa7b4aec2616acf83badbbf2b581a9f62e41d03ca2ff984ebb6f7ed	1	0
flowcontrol/10	flowcontrol.article	10	/flowcontrol/10	Switch evaluation order	e1479cae56a87cddb9c447fc9fd32b0ee1f983058f7ee76554965abd21975ef4	1	0
flowcontrol/11	flowcontrol.article	11	/flowcontrol/11	Switch with no condition	714b67f479583e47080cd0f38489f465a28c002938390c4155af6dfeebb9225b	1	0
flowcontrol/12	flowcontrol.article	12	/flowcontrol/12	Defer	fa23a1d6ebf12f11843d38fe79c413a9c19bfcaf305ae64b75c360db24a436ec	1	0
flowcontrol/13	flowcontrol.article	13	/flowcontrol/13	Stacking defers	73a02c24eb14597b3c5f53a09fc572f1a1f0c941adfc337c79fb14b492985fc1	1	0
flowcontrol/14	flowcontrol.article	14	/flowcontrol/14	Congratulations!	f565674b974c053924bf69ef83b709dc50931526ae7fa88e71543a5cd872a190	0	0
moretypes/1	moretypes.article	1	/moretypes/1	Pointers	7706eaf0d46acc79fdad3b7953e5571bf404551d71aaefafd8ba79f5761f9806	1	0
moretypes/2	moretypes.article	2	/moretypes/2	Structs	a18dfdaadb9739387cc9886b67e9bf920bf52ada62397a1812cfd302c64aed9b	1	0
moretypes/3	moretypes.article	3	/moretypes/3	Struct Fields	0be9cb4a59a0d95526c208e5d8d96ebe6a15fd84b6e3a2ff9a07963226cb7b58	1	0
moretypes/4	moretypes.article	4	/moretypes/4	Pointers to structs	29695d334b6ff809e84ae8caeb7b9dc493143236783c07c16a83ecc64514c310	1	0
moretypes/5	moretypes.article	5	/moretypes/5	Struct Literals	cf9282456e2a91274c1b135a68fce58dd1590f6a2d7153f0619c97ded8bd00d1	1	0
moretypes/6	moretypes.article	6	/moretypes/6	Arrays	0ec503e46281eb8ff25ceba5b92c9f9c3b40517aeea77cf4878760ed0da9d29c	1	0
moretypes/7	moretypes.article	7	/moretypes/7	Slices	a169cf48dd659510ff7f1f8adfdbed5a247b51a1f7c3a45ae972f18921925033	1	0
moretypes/8	moretypes.article	8	/moretypes/8	Slices are like references to arrays	e577f9e98a9c871cdc6f39ecca1bdd0965c26da3b9ab6c2a7cab42b3b0f3a568	1	0
moretypes/9	moretypes.article	9	/moretypes/9	Slice literals	fb79cf8caed7abc7dfd92e90cf1bcc11d547b8af96d224f30fefc995f98dbb0b	1	0
moretypes/10	moretypes.article	10	/moretypes/10	Slice defaults	36d1f92fc5e51cddcd26be7f74a875e60bf24633dd7c8689672fa23a6720e2a1	1	0
moretypes/11	moretypes.article	11	/moretypes/11	Slice length and capacity	e2d7d69c946e5a01d8d0eab2e07a2bf35e23453a617d5e7602ff0af5c5866d8f	1	0
moretypes/12	moretypes.article	12	/moretypes/12	Nil slices	e7a4bb0d5e7928c2da06312d983eba2adb533b30299025f507df183f00fefc89	1	0
moretypes/13	moretypes.article	13	/moretypes/13	Creating a slice with make	d057e6bf75421597d430ff52f844499b5828ab2c4b4c5148ad88b6b89326ac20	1	0
moretypes/14	moretypes.article	14	/moretypes/14	Slices of slices	d8bee22c0382cf5fd5647c4d7106165d153cb15aaed8ec82e1f06e12ad0c73d1	1	0
moretypes/15	moretypes.article	15	/moretypes/15	Appending to a slice	f2fc257e7c5f118321acc3b75e946053601532d411e8540534280d7fba795289	1	0
moretypes/16	moretypes.article	16	/moretypes/16	Range	73fc46a2e049ce2ff4a4fc0595d717ed5d6e15b7093a6014509a48f501253186	1	0
moretypes/17	moretypes.article	17	/moretypes/17	Range continued	b52cca070f62a3ffeab3adf20f2745e1dd9aa2644a3985c23ac295e81e2c3bc9	1	0
moretypes/18	moretypes.article	18	/moretypes/18	Exercise: Slices	9c5fd763eaedec8e8bfb60f52713417ff247bc4467aa8a94412c55ab83c781ba	1	0
moretypes/19	moretypes.article	19	/moretypes/19	Maps	39107d53feaffd26d7bb13103fe6e40746e9844d9b37bbf84559f7b91db312f3	1	0
moretypes/20	moretypes.article	20	/moretypes/20	Map literals	1d3caa45093f65b50d5ebcff6a57559c3fe70faba85f3a0bb41db38c5375a507	1	0
moretypes/21	moretypes.article	21	/moretypes/21	Map literals continued	0493179c2396f2e755fa5f1e579ce6f4cc716842ef5ee77a0b1c742210c15f9f	1	0
moretypes/22	moretypes.article	22	/moretypes/22	Mutating Maps	f6963bc620184c7fbea7b04c309ccf64d508a4e835500fa7dd4188e60204019f	1	0
moretypes/23	moretypes.article	23	/moretypes/23	Exercise: Maps	3214968207b659c3fb6bf92ee3d1ba0858bf7d3240dfad30fada7c5d8bddea69	1	0
moretypes/24	moretypes.article	24	/moretypes/24	Function values	91b508ec19d3baf6fd1b2382e54b0f4ec226e9af99d027e86d734cf081d9c897	1	0
moretypes/25	moretypes.article	25	/moretypes/25	Function closures	570e535e9c2b2d1978534eb3b42f226102b11da36a3f9e61620dc5eafdb6be5f	1	0
moretypes/26	moretypes.article	26	/moretypes/26	Exercise: Fibonacci closure	24f01440a7b0d638694c6cb275bf92e79e1fb2463ea2eb7d40a68cc4d6a0ed29	1	0
moretypes/27	moretypes.article	27	/moretypes/27	Congratulations!	f565674b974c053924bf69ef83b709dc50931526ae7fa88e71543a5cd872a190	0	0
methods/1	methods.article	1	/methods/1	Methods	8a62096b755332ede134c87493abe49231a52ce60abebcdc107bb6a64434fc72	1	0
methods/2	methods.article	2	/methods/2	Methods are functions	ade066728f85cc93e75c2472b80d532b62259a7e08e42ef36e3d05c6cfa5476d	1	0
methods/3	methods.article	3	/methods/3	Methods continued	31c4fd0d80c8f1d96cf3efb1ecc1f9d3c0d1b5b70bb5c23bf7227b7007469588	1	0
methods/4	methods.article	4	/methods/4	Pointer receivers	99f9fa4e5c4dd46d393f40b417d0430c4e27e56f40146f5f192f55ccda4e2db3	1	0
methods/5	methods.article	5	/methods/5	Pointers and functions	cac8affc7a8fd7bc1c0003d8cbf5bd7c85433faea45ea1b39f3b80c2fbc5eae9	1	0
methods/6	methods.article	6	/methods/6	Methods and pointer indirection	39fb725b0a084ce3634dc973c215ff7a0f034c5f7b51c2ffe25934088072ebf6	1	0
methods/7	methods.article	7	/methods/7	Methods and pointer indirection (2)	61a9cb8411e6ce15dce3383a68a52c6644599e84269b3faf240129277d238f7e	1	0
methods/8	methods.article	8	/methods/8	Choosing a value or pointer receiver	357424f2a76613085184054178042b442331b5689d156ac9c37e09e57c436dae	1	0
methods/9	methods.article	9	/methods/9	Interfaces	39efc19ed01619130489d21e421f2c0d8947b20f408580f4ceaabce6a0feb099	1	0
methods/10	methods.article	10	/methods/10	Interfaces are implemented implicitly	11ca99e6e83d93827daf02b177156fcb6f3c94ac8c202491dfffc5840ce4e39f	1	0
methods/11	methods.article	11	/methods/11	Interface values	ccb2ed709b887724d22fb93714702fed5de4b7a83ca976876864045ff4752270	1	0
methods/12	methods.article	12	/methods/12	Interface values with nil underlying values	9487ca3c9872972d42af8cfa389755678fe8a7cca110b592aac2a762332febf5	1	0
methods/13	methods.article	13	/methods/13	Nil interface values	2897922c0b088ccd46b3e42a442aeecda0787c4162db1329d0e8f39d05735547	1	0
methods/14	methods.article	14	/methods/14	The empty interface	f85eea0b014a1f885077243bef53d3b38d8f06120b49d257ada1d66f59e80d96	1	0
methods/15	methods.article	15	/methods/15	Type assertions	c205b4eb940358edea6321cfa422c3c00a560e9a6a71b08c8b3fa3ab9e4926ae	1	0
methods/16	methods.article	16	/methods/16	Type switches	26e4da09e80d30b06368691c76ee2940139b0f6fc40cad47bb6d1d2947933c27	1	0
methods/17	methods.article	17	/methods/17	Stringers	0363038e64b6f186e1bbd55c3323a5d7770a2b728605d8e3f01ae234aff6a444	1	0
methods/18	methods.article	18	/methods/18	Exercise: Stringers	ad118644f53755586f14409e203bccfb5ac4cff7c01734157032a45648fb06d3	1	0
methods/19	methods.article	19	/methods/19	Errors	9eaab1fde2076c1376f78ceec0f84766c4c3b8062867436d73cef0bc77f16bd5	1	0
methods/20	methods.article	20	/methods/20	Exercise: Errors	41f1f73320fde60ee5ff30d5927a19ff22d6da6a336bb776e15f2499e4f421d8	1	0
methods/21	methods.article	21	/methods/21	Readers	120c3fc9f67579cf78605cf0c9f006fc28d3569043a08079ddb645ca9c3fc3b1	1	0
methods/22	methods.article	22	/methods/22	Exercise: Readers	0df444d989996a06d6dd50f4b109af4ae1cb2302b8dd867bcbe9bf98e424d230	1	0
methods/23	methods.article	23	/methods/23	Exercise: rot13Reader	11d876145fae980b2e283e3fac7357a950eb20f022b7da48cc58efed5b1e8e04	1	0
methods/24	methods.article	24	/methods/24	Images	d80f0d46796ad415a7ded4d0cefdef6cdb58deb38d050a61eb64abb25caf27ee	1	0
methods/25	methods.article	25	/methods/25	Exercise: Images	a196bc59d96602c3fe72cf765419366094a5c1e96de0d24dd140887ebd1826b5	1	0
methods/26	methods.article	26	/methods/26	Congratulations!	f565674b974c053924bf69ef83b709dc50931526ae7fa88e71543a5cd872a190	0	0
generics/1	generics.article	1	/generics/1	Type parameters	01a045105dc8c12fb1709f122d363235c19a6464d5de7587d579524aec270dd6	1	0
generics/2	generics.article	2	/generics/2	Generic types	08486351895e62792a84bc3eeab6aa85df7b1658735b7239040d219812f63277	1	0
generics/3	generics.article	3	/generics/3	Congratulations!	f565674b974c053924bf69ef83b709dc50931526ae7fa88e71543a5cd872a190	0	0
concurrency/1	concurrency.article	1	/concurrency/1	Goroutines	d0a9c45078c2255540cfffe48744a07fa04ab5c2113e8880068b5a400ae0ebdc	1	0
concurrency/2	concurrency.article	2	/concurrency/2	Channels	a35e3af26b51f8c2c2a6dfaf09f9c7cab0fdb4b1b56f9e4dc9b793f1dac1e295	1	0
concurrency/3	concurrency.article	3	/concurrency/3	Buffered Channels	caef0893a54c61f192be397f6b27a039d81dc007f98f2d203a5a287383c0682e	1	0
concurrency/4	concurrency.article	4	/concurrency/4	Range and Close	3e925c6745255a443c61f25cd8131d538dc8677938f1c5021ce798465020b42e	1	0
concurrency/5	concurrency.article	5	/concurrency/5	Select	8d8de56f080d4f702ac455aa60cb13b745472bedc9755000e8b5d6a2a898577d	1	0
concurrency/6	concurrency.article	6	/concurrency/6	Default Selection	82e9cd932e14e6c4852fc8f865f4c45dc75845bd1a306649152ebc045f0c3b2c	1	0
concurrency/7	concurrency.article	7	/concurrency/7	Exercise: Equivalent Binary Trees	7c5d3fc7bb2540285d746242f8a1d16075639648eec8909c1df52239297d2917	0	1
concurrency/8	concurrency.article	8	/concurrency/8	Exercise: Equivalent Binary Trees	b362cc15a26324acd311f7cab18a628dc1d7d9ac6d455add7d651d41acf15e9a	1	0
concurrency/9	concurrency.article	9	/concurrency/9	sync.Mutex	49f727794604c2ef8a8dda9508d0f412d7015cea77754c675a02b166dd9bfc93	1	0
concurrency/10	concurrency.article	10	/concurrency/10	Exercise: Web Crawler	bb686393225ef2335e627819a1664a84456f00b64af133af64920d43f0abdb94	1	0
concurrency/11	concurrency.article	11	/concurrency/11	Where to Go from here...	45ef131ede663b1355c0a5933634d46c393f66be8a6450b184f86a62e928a64e	0	0
